loan_id,NE_MONEY,NE_CARDINAL,NE_GPE,NE_PERSON
7779,0,1,1,2
2777,0,2,0,1
6007,1,3,3,4
76,0,7,0,1
4217,0,1,2,1
5077,0,1,0,0
6033,1,4,7,4
843,0,3,0,5
4357,0,2,2,2
7007,0,2,1,1
1399,6,2,0,2
4729,0,3,1,1
1768,3,2,2,2
449,0,1,1,2
6906,0,1,1,3
5620,0,2,0,0
3114,0,1,2,3
7078,0,2,2,1
504,0,0,1,0
342,1,1,0,1
5654,0,1,2,0
345,0,4,0,2
2075,0,0,0,1
7644,0,3,1,1
857,0,1,1,2
4241,0,2,0,2
7027,0,0,0,1
5264,0,1,0,1
7975,0,1,1,1
5917,0,1,0,5
6002,0,3,1,0
7467,0,3,2,2
1422,2,6,0,0
5163,0,1,1,2
7026,0,3,0,2
4280,0,2,0,0
5806,0,4,0,4
2284,0,4,1,3
5886,0,1,0,2
5707,3,3,6,1
7829,0,2,1,3
1496,4,2,1,1
2565,3,1,0,1
2468,0,0,0,2
5725,0,2,1,3
2106,0,0,0,0
6546,1,1,1,1
4139,0,0,0,1
3167,0,1,0,0
4602,0,1,0,0
6551,0,3,0,1
5269,0,1,2,0
1790,1,1,2,1
7035,0,0,1,1
562,0,1,0,0
1003,0,1,0,1
7287,0,1,0,4
6274,0,5,0,2
3094,0,1,2,3
6119,0,1,1,1
100,0,2,0,0
1861,0,1,0,3
7182,0,0,1,4
3099,0,0,0,0
5666,0,0,0,2
5696,0,0,0,0
5601,0,1,0,0
2072,0,1,1,3
6860,0,0,0,2
381,0,1,0,2
3977,2,0,3,2
4988,0,4,0,1
1330,3,1,1,1
480,0,5,3,6
1573,0,0,1,2
58,5,6,6,0
7100,0,1,1,0
1220,0,1,0,0
875,3,2,3,2
7749,0,2,5,3
994,0,4,1,5
1118,0,1,1,3
3249,0,1,0,3
3206,0,3,1,1
632,3,0,2,3
5863,0,1,3,1
2740,0,0,0,0
5173,0,1,0,3
5303,0,1,0,0
3213,0,1,0,3
7104,1,4,1,7
2829,0,3,0,3
7173,1,2,2,2
965,0,2,0,3
3765,0,2,3,6
6996,0,4,1,0
4420,0,1,0,0
6968,0,2,1,3
6187,0,1,0,1
780,0,4,0,1
6166,0,1,2,0
427,0,4,2,0
451,0,1,1,1
3321,0,1,0,3
988,0,1,0,2
5743,1,5,2,3
1810,3,2,0,4
5905,0,1,0,6
6675,1,1,6,0
7051,0,4,1,3
2012,0,0,2,3
2035,0,4,3,2
4760,0,1,0,1
7444,1,1,3,1
1622,4,5,0,3
1595,0,4,1,2
989,0,3,0,1
6992,0,2,0,2
7096,0,2,2,8
120,0,2,1,2
5598,0,0,0,0
1921,4,1,0,4
7058,0,4,2,5
1564,4,4,4,2
4905,1,3,1,0
6868,0,1,1,1
6692,0,2,0,3
3186,0,0,1,0
1881,3,1,2,1
6577,0,3,0,4
7446,1,1,1,3
3347,0,1,10,2
1504,3,4,1,5
1812,7,6,0,0
7203,0,3,1,4
6758,0,1,0,2
6188,0,1,5,0
6083,0,3,0,0
7269,0,6,1,4
5201,0,0,0,0
4147,0,1,0,3
2345,1,1,0,2
6915,1,1,3,1
6742,0,1,4,0
1039,0,5,3,4
1684,7,1,7,2
4321,0,1,3,0
6139,1,2,3,3
4980,0,1,1,1
7888,0,3,3,7
1854,1,2,2,0
1923,4,2,0,3
7765,0,5,0,3
1042,1,4,1,0
2067,0,1,8,2
1231,0,6,1,0
5221,0,0,0,1
2314,0,1,0,5
3647,2,2,2,6
2975,0,0,1,0
5461,1,1,0,0
1412,0,1,0,1
548,0,1,0,1
114,0,2,0,0
7333,0,2,2,3
6286,0,2,3,1
2470,0,0,0,4
3751,3,3,0,1
344,0,2,1,3
2140,0,0,0,0
665,6,3,7,2
6550,0,1,0,2
1689,4,5,4,4
783,0,5,0,0
1889,1,3,1,3
82,0,1,0,0
6070,0,2,0,3
6029,0,3,0,1
1166,0,2,0,0
7172,0,1,0,4
1706,0,1,0,2
5668,0,3,0,3
6095,0,1,0,1
2297,0,0,0,5
2274,0,2,1,4
1699,1,5,1,3
5773,0,2,3,3
3620,0,2,0,2
6027,0,1,0,0
1775,5,1,0,4
5844,0,3,0,1
6314,0,2,0,0
2332,4,2,9,7
915,1,1,0,0
4955,0,0,0,0
2927,0,2,0,0
3268,0,0,1,3
2057,0,0,1,0
1914,4,2,1,1
5929,0,2,0,2
6881,0,2,2,4
4375,0,1,0,0
3087,0,0,3,12
1455,6,2,0,1
6067,0,2,3,6
7330,3,5,0,0
7849,0,2,2,0
1649,0,1,0,2
3275,0,1,3,5
5185,0,1,2,1
722,5,2,0,3
5977,1,1,1,1
4971,0,1,2,1
4185,0,0,0,0
3744,1,2,5,1
5890,0,0,0,1
1796,0,5,2,0
3366,0,1,2,5
7091,0,2,1,5
5450,0,1,0,0
1652,0,3,3,2
2632,1,1,1,1
5674,0,3,1,5
3303,0,1,0,2
5747,1,1,0,4
3074,0,0,0,3
1203,0,6,4,5
4598,1,1,0,1
3246,0,1,4,8
1144,0,2,0,2
1097,0,1,0,0
7321,0,0,0,1
2774,0,1,0,0
2972,0,0,0,0
7195,1,1,1,2
2296,0,2,0,4
363,0,1,1,4
2265,1,3,0,4
3368,0,1,2,3
6411,0,1,1,1
5065,0,1,0,2
4969,1,1,1,0
6922,0,3,1,3
138,4,10,5,1
3517,0,0,2,2
185,0,3,0,1
7979,0,4,3,3
7573,0,4,2,4
5729,1,0,5,1
4735,1,1,2,1
744,0,3,0,0
218,0,2,0,1
4960,0,2,0,0
6770,1,2,0,3
5033,0,2,0,1
1829,2,5,3,7
2431,1,1,0,3
6660,0,3,0,1
5483,0,0,1,1
964,0,1,0,0
6724,0,2,1,0
2659,0,2,1,0
6780,0,1,3,2
320,3,4,5,3
3053,0,2,0,4
1987,0,1,0,4
7554,0,4,4,0
2089,0,2,1,1
5271,0,0,2,3
4480,0,1,0,0
6276,0,3,0,0
1023,0,2,2,1
5268,0,1,0,0
5646,0,2,0,1
1890,2,4,2,3
7922,1,2,2,1
2746,0,0,1,2
6977,0,0,2,0
4762,2,1,1,2
1450,1,2,0,2
5076,0,1,0,0
2329,0,2,0,0
6916,1,1,4,0
1186,0,1,0,0
1050,2,2,0,1
5475,1,0,0,3
2583,0,3,1,1
3168,0,1,0,0
896,0,3,0,1
5079,0,1,0,2
7463,0,2,7,5
6327,0,1,0,0
1943,3,1,1,3
3535,0,0,0,3
7878,0,1,0,5
5420,0,1,0,2
2823,0,0,1,1
3814,0,2,1,3
5635,0,2,0,2
3407,0,1,2,9
1995,0,2,1,0
3145,0,1,3,2
6870,0,1,0,3
296,0,1,1,4
4757,0,0,0,1
3690,0,1,1,1
6477,0,2,1,2
4103,0,1,0,1
3833,0,3,0,0
6041,0,1,0,1
2832,0,3,0,3
5832,0,0,0,2
943,0,1,3,0
3016,0,0,1,0
6734,0,1,1,0
3358,0,2,0,11
6267,0,0,0,0
4512,1,1,0,1
2934,0,0,1,2
3929,0,2,3,2
3639,0,1,0,0
7776,0,1,3,0
5191,0,3,4,0
5418,0,1,0,1
25,0,5,0,3
1952,1,2,1,1
7065,1,1,2,4
4803,0,0,1,2
7250,0,2,1,1
3342,0,0,0,7
5017,0,1,0,0
382,0,6,1,2
6672,0,0,0,1
885,0,0,0,0
3489,0,2,1,1
6591,0,6,0,3
1701,1,3,1,1
6649,0,2,0,0
7637,1,4,5,4
1847,0,0,0,0
7286,0,4,2,4
908,0,1,0,1
5677,0,0,0,1
1048,1,2,1,2
2935,0,1,0,2
6312,0,2,0,0
4297,1,1,1,2
7786,0,2,0,3
405,2,2,4,4
3,1,2,1,2
3233,0,2,4,5
3007,0,1,0,3
920,1,4,0,2
6205,0,1,0,1
1736,0,3,0,3
7316,0,1,0,1
3829,0,5,0,1
3880,0,3,0,0
3408,0,3,1,4
6815,0,2,0,2
410,3,2,4,0
7198,0,1,1,2
5315,0,1,0,1
6616,1,1,4,2
2599,4,1,0,6
1828,1,5,2,7
5092,0,0,0,0
1905,1,0,1,1
2706,0,1,1,2
3497,0,2,0,0
2826,0,1,0,2
7376,0,4,1,1
1262,0,1,0,0
6718,0,1,1,3
6719,0,0,0,1
7877,0,1,1,4
6281,0,2,1,0
2238,0,1,1,0
1316,0,1,1,1
7473,0,0,0,1
3305,0,1,1,3
6738,0,1,2,0
5617,0,0,0,5
2879,0,2,0,2
5383,0,3,0,0
610,0,5,0,2
5230,0,1,0,3
3404,0,1,4,10
5750,1,1,2,0
6279,0,2,0,0
6879,0,1,2,1
374,3,4,0,1
6761,0,1,0,4
2457,0,1,0,1
7512,0,2,2,1
135,0,3,0,2
651,7,4,0,2
3761,2,1,1,3
7057,0,1,0,6
1777,5,2,1,2
423,0,1,0,7
2785,0,1,1,0
5757,0,1,0,1
216,0,1,0,0
4396,1,2,0,2
2425,0,2,3,3
3119,0,0,0,4
7803,0,1,0,1
1180,4,3,4,2
2524,4,1,0,5
1567,5,0,6,0
2195,4,3,0,1
7380,1,5,2,4
7954,0,1,1,3
5758,0,1,1,1
6091,0,0,0,4
1275,0,1,0,0
4121,0,2,1,1
7921,0,4,2,1
1141,0,1,1,1
2971,0,2,2,4
2711,0,1,1,0
7673,0,4,0,5
649,0,1,0,0
1310,0,4,0,0
3228,0,1,0,2
1386,5,3,5,3
6806,0,1,0,1
5602,0,2,0,0
7478,0,2,0,3
5183,0,2,0,0
710,2,4,2,6
6561,0,1,5,3
6653,0,1,0,1
6341,0,0,2,0
5628,0,1,0,3
2979,0,1,2,2
6419,0,7,4,4
2694,1,1,0,2
3361,0,2,4,4
4394,0,1,0,4
667,0,3,0,3
1740,5,3,0,0
1822,1,1,3,0
5912,2,7,0,12
1883,1,1,1,1
2889,0,3,0,9
2997,2,4,0,7
2716,0,2,1,3
5239,0,1,0,0
2695,1,1,0,0
899,0,10,3,0
6536,0,0,1,2
2482,1,1,0,2
180,0,3,1,5
1259,0,2,0,0
7353,0,3,0,1
6792,0,0,0,0
7744,0,3,3,6
5648,0,1,0,1
2778,0,2,1,0
3401,0,1,7,4
980,1,3,0,1
4440,0,2,2,0
6973,0,2,2,1
3039,0,1,0,0
5131,0,1,0,3
5804,0,1,0,3
6278,0,1,0,1
6475,0,3,0,2
1945,4,2,1,4
1721,1,3,2,1
6387,0,0,0,1
621,0,4,0,3
5830,0,4,1,5
2013,0,2,2,2
431,0,7,2,3
7118,0,3,3,0
3837,2,4,1,2
817,0,1,0,1
115,1,2,2,0
5298,0,0,1,1
2466,0,2,0,1
818,0,1,2,1
1754,0,2,0,1
5072,0,1,0,0
6699,0,3,1,3
5951,0,2,4,1
7955,1,3,0,2
1811,5,3,0,6
1393,0,1,0,0
2395,1,5,4,3
1083,0,1,0,0
7060,0,2,1,1
1501,3,4,1,4
6842,0,4,3,3
2481,2,1,2,2
6615,0,3,3,0
6567,0,1,0,0
6753,0,1,2,5
1519,4,1,2,0
5385,0,1,0,0
7052,2,2,2,2
7548,0,4,3,1
6584,1,1,0,3
2592,1,1,2,0
5189,0,2,0,3
1345,0,4,0,4
3023,0,1,1,0
2454,0,2,1,3
1663,1,1,0,3
1110,0,1,0,0
1138,0,1,0,0
7607,0,2,2,7
2422,0,1,0,2
599,0,1,2,5
1058,0,3,0,1
1869,0,2,3,0
5671,1,3,1,3
3257,0,0,0,0
4019,0,1,0,2
4325,0,1,0,1
1405,4,4,0,5
1539,3,4,2,4
2673,1,6,6,12
3554,0,0,2,0
3468,0,2,0,0
5928,0,2,1,3
304,0,6,1,6
1157,0,1,0,1
7212,0,1,1,1
2961,0,3,4,6
7068,1,1,3,0
3330,0,1,0,1
5059,1,0,0,6
1910,3,7,5,0
7795,0,2,1,4
5381,0,2,0,4
4528,1,1,2,0
3049,0,1,1,1
7828,0,4,3,1
2892,0,2,4,4
3935,0,1,0,2
7761,0,1,2,2
3721,1,1,0,1
766,0,1,2,0
7610,0,2,1,1
3171,0,1,0,1
1188,0,1,0,0
5793,0,1,1,0
847,2,0,0,3
7601,0,2,1,6
4727,1,2,0,0
1598,4,2,4,1
3681,0,3,0,1
6571,0,0,0,0
5379,0,5,0,2
5548,0,2,5,2
772,0,4,4,5
5650,0,3,0,1
6980,0,2,0,4
3341,0,0,2,6
1528,5,3,0,1
3608,0,5,2,0
7582,0,2,1,1
5749,1,1,0,1
2753,0,2,1,0
7745,0,3,1,1
6382,0,4,2,1
1176,1,2,0,1
5416,0,3,0,0
1140,0,1,1,3
2690,1,1,2,2
3076,0,2,1,7
6344,0,1,0,1
4081,0,3,0,1
6898,0,1,0,2
6628,1,1,4,0
1036,1,0,0,2
3063,0,2,0,3
1886,0,1,3,2
1547,4,5,0,0
961,0,1,1,1
7458,0,6,2,1
1711,0,2,3,8
2301,0,1,0,1
2761,0,1,0,3
7736,0,2,0,5
79,0,1,0,1
5849,0,0,0,1
7204,1,3,2,2
6483,0,1,9,0
7496,0,2,1,1
1993,0,3,2,4
3176,0,0,0,4
4592,0,2,1,2
7041,0,1,0,3
984,1,5,3,0
1088,0,1,0,0
6175,0,2,0,1
4373,0,0,0,0
1510,3,2,3,1
5018,0,1,0,0
1490,4,0,0,2
1604,3,0,5,2
2444,0,1,3,2
2620,0,3,2,4
6588,1,1,0,0
3873,0,1,0,0
6817,0,1,0,2
4123,0,0,0,1
4013,0,0,1,3
5209,0,1,0,0
3851,0,1,0,1
1391,1,1,0,2
2575,0,0,6,0
4107,2,3,2,0
5251,0,1,1,0
2621,0,2,1,2
7042,0,2,1,3
1304,5,3,0,2
4025,0,2,0,2
3611,0,2,0,1
2663,1,2,2,1
7542,0,1,2,2
518,0,2,0,0
7043,0,2,0,0
7356,0,2,0,0
7804,0,3,1,1
392,3,2,2,1
7426,0,0,0,4
7503,0,5,2,0
6482,0,2,0,3
928,0,1,0,0
5853,0,1,2,0
791,0,1,0,0
5779,0,0,0,0
587,3,1,0,1
7003,0,1,0,3
835,0,5,1,1
2657,0,2,1,1
5405,0,0,0,1
2532,5,2,4,3
1716,1,9,3,2
422,0,2,0,2
7076,0,1,1,1
2896,0,0,0,3
7106,0,1,0,3
888,0,1,0,0
7427,0,4,1,2
2717,0,2,1,5
200,3,2,4,2
2131,2,2,13,5
5104,0,7,2,2
290,0,2,0,0
5903,0,0,3,0
6108,0,2,0,1
7335,0,1,3,4
7279,0,2,0,1
6569,1,2,6,6
854,1,2,1,1
1439,3,3,1,1
6494,0,4,5,3
2413,0,1,0,1
5807,1,1,0,1
3838,0,4,0,3
3759,3,4,1,1
7961,0,3,2,2
1523,3,2,0,1
3551,0,2,2,0
3344,0,2,0,10
3527,0,1,1,2
1481,0,3,2,8
4634,1,2,0,0
2085,3,0,1,2
7288,0,5,1,0
6262,0,1,3,3
7825,0,2,4,4
6650,0,1,0,1
6152,1,5,0,0
2492,0,1,0,1
3343,0,0,5,9
605,0,1,2,0
4367,0,3,0,3
675,0,3,1,3
3224,0,1,1,1
6273,0,4,1,4
916,1,1,1,1
6846,0,2,0,2
7645,0,2,1,2
2677,0,2,0,0
4239,0,0,0,1
573,0,4,4,0
6851,0,1,0,4
2996,0,4,1,4
7627,0,2,0,1
3193,0,0,0,2
6195,0,1,0,1
680,0,1,0,1
4893,1,3,6,2
878,7,2,8,2
7853,1,3,0,4
3937,0,1,1,4
1506,1,4,1,4
6268,0,0,0,1
5337,0,3,0,1
1052,2,0,4,3
678,0,2,0,0
1258,0,2,0,0
2945,0,1,3,0
5249,0,1,0,1
6017,1,4,7,4
777,0,5,1,6
7232,0,1,2,0
5027,3,2,5,2
153,5,3,6,5
1438,3,1,0,1
5656,0,2,0,0
1311,0,4,0,3
5375,0,4,0,0
6940,0,1,1,1
2910,5,3,1,17
1616,3,3,1,1
4131,0,1,0,1
5682,1,1,2,0
5432,0,1,0,1
3073,0,1,3,0
3061,0,1,0,3
2460,1,3,0,3
1727,4,3,0,0
3107,0,1,0,0
6600,0,1,0,0
1464,0,2,0,3
4443,0,1,1,4
6991,0,2,8,3
3364,0,2,1,8
4647,0,3,1,2
2005,4,1,1,0
1121,0,0,0,0
625,0,2,2,2
4954,0,2,2,0
7255,0,3,1,2
2653,0,2,0,3
527,0,3,0,0
2959,0,3,0,3
3346,0,1,3,6
1001,0,2,2,2
6858,0,1,2,0
6345,1,1,0,0
775,3,4,2,2
7059,0,2,0,1
487,4,4,2,10
5567,0,1,1,3
1132,0,1,0,1
1289,3,3,1,0
184,0,5,0,1
4276,0,1,0,0
1643,0,1,1,3
3028,0,0,3,1
7655,0,2,4,2
2817,0,2,0,0
6311,0,1,0,3
136,0,2,0,2
1396,0,1,1,1
1164,3,1,2,2
3622,0,1,0,3
77,0,1,0,1
5963,1,4,0,2
4556,1,2,0,2
2938,0,0,1,0
2368,5,2,0,1
4984,0,0,0,0
6316,0,1,0,2
893,1,4,4,0
1350,0,1,0,0
688,0,5,1,0
5127,0,1,0,4
121,0,4,1,3
2228,0,1,1,5
3821,1,0,2,5
659,0,1,0,1
5169,0,1,1,0
1632,3,2,0,1
4341,0,1,1,2
479,1,1,1,5
6143,0,0,0,0
6799,0,2,0,1
6398,0,2,3,0
7175,1,1,2,0
6379,0,1,0,1
1318,0,1,1,1
2065,5,1,0,5
5459,1,2,0,0
1432,4,2,0,2
1583,6,2,1,3
2580,0,3,2,1
723,4,5,1,1
2574,0,1,2,1
2637,1,2,1,2
6114,0,1,1,1
1068,3,5,0,2
3953,0,1,3,0
2327,3,1,2,1
5255,0,0,1,3
6543,0,3,2,0
6258,0,2,3,2
4335,1,1,0,0
6601,0,1,0,2
83,4,4,5,4
6538,0,2,0,1
5678,0,1,0,1
2292,1,1,0,1
7641,0,3,0,2
4167,0,3,3,6
6206,0,3,1,4
6540,0,2,1,1
7231,0,1,1,1
7097,0,1,3,6
6639,0,2,2,4
5031,0,1,0,3
1236,0,1,0,1
2081,1,1,1,1
4264,0,2,4,0
473,3,3,5,0
7797,0,0,2,4
503,0,2,0,4
666,0,4,3,3
5085,0,2,3,0
5815,1,2,3,6
370,6,1,1,1
5681,0,2,1,1
1447,0,4,0,2
6938,0,2,2,0
3637,0,2,0,2
5626,0,1,0,4
4776,1,2,3,4
7047,0,2,1,6
4520,1,1,1,1
2864,0,2,0,0
1384,1,2,1,2
5071,0,0,0,0
759,0,1,0,1
840,0,3,0,5
6903,0,2,0,0
6629,0,2,2,5
784,0,3,0,1
1809,5,3,0,3
933,0,1,0,0
1398,3,2,0,4
91,4,5,7,4
1299,3,1,0,2
6081,0,3,0,5
152,9,2,17,2
2806,0,1,0,2
1280,3,1,0,2
5028,1,5,0,3
6763,1,2,2,0
1467,4,3,5,1
7560,0,2,1,1
7219,0,1,3,2
7873,0,2,0,4
7284,0,3,0,0
6004,0,3,1,1
3308,0,1,0,3
1264,0,2,0,0
5486,0,0,0,0
2851,0,1,0,1
2923,0,2,0,1
7318,0,4,1,8
7439,1,5,2,8
2793,0,1,1,0
4177,1,1,0,0
1429,0,1,1,0
7669,2,1,3,2
7136,0,2,1,4
130,0,5,1,0
7851,3,4,0,3
3237,0,1,8,8
1247,0,1,0,0
4584,1,0,0,4
5644,0,1,0,1
3581,0,1,0,0
4062,0,0,0,1
1051,2,1,1,5
6884,0,1,2,2
6582,0,1,0,3
6844,0,2,1,2
5207,0,1,4,0
2178,3,1,4,3
98,0,4,1,3
7272,0,5,3,3
1863,0,1,0,1
6193,0,3,0,2
5918,0,5,1,5
3105,0,0,0,2
6329,0,6,4,0
2307,0,0,2,2
2847,0,2,0,3
1584,4,2,0,4
7513,0,3,2,1
5964,1,7,4,5
1474,1,3,0,1
2324,1,1,2,1
1004,0,5,0,0
5667,1,1,4,6
4163,0,1,3,6
6936,0,3,3,0
1293,5,3,0,3
7116,0,0,4,6
3172,0,0,0,2
3286,0,2,4,3
5026,0,1,0,1
6249,1,1,0,1
2236,0,0,0,1
7337,0,0,2,4
4561,0,5,1,0
7086,1,2,0,1
6526,1,1,0,0
2665,1,2,0,4
6356,0,0,0,3
7911,3,5,2,6
5367,0,3,0,4
2841,0,2,0,3
6506,0,2,1,0
5914,2,1,5,7
7340,0,2,1,0
1197,4,3,4,3
3203,0,2,0,5
6637,0,5,0,3
1911,0,5,1,6
171,0,2,0,1
2119,4,1,0,1
1785,0,1,0,2
2027,0,1,0,0
7162,0,1,0,4
1561,0,3,3,0
1953,5,1,0,3
4940,0,1,0,0
2529,5,0,3,2
1194,2,4,1,0
7600,0,5,1,1
1475,4,2,0,1
6450,0,1,0,0
5505,0,1,0,2
1453,1,2,0,1
2550,0,0,3,2
754,2,2,0,8
6706,0,4,0,4
4815,1,4,0,1
7099,0,1,1,3
4968,0,1,0,0
7171,1,0,5,0
2341,1,4,3,1
1758,0,1,0,1
6415,0,0,0,2
3872,0,3,0,4
7075,0,3,2,3
210,5,8,10,1
6788,0,1,0,0
7107,0,4,2,1
6691,0,2,0,1
6732,0,2,1,0
7033,0,2,1,2
5921,0,0,2,4
3670,0,6,0,2
6200,0,1,0,3
3773,1,1,0,0
6914,1,4,3,1
3317,0,2,2,11
7227,0,3,0,1
4950,0,2,4,4
805,0,3,0,1
5986,1,1,1,3
5361,1,1,0,1
4983,0,0,0,0
6917,0,1,2,0
5952,0,0,0,2
6966,0,1,2,8
5786,0,1,0,3
7386,0,2,0,0
2378,5,1,0,1
269,0,2,3,3
2708,0,2,2,3
7666,0,2,0,3
6463,0,2,2,4
3310,0,2,1,2
5724,1,10,4,8
4964,0,1,0,1
7915,1,2,1,0
6299,1,2,0,3
1491,3,0,0,2
2796,0,1,0,1
7871,0,2,2,3
4530,1,1,0,0
1223,0,0,0,0
4843,0,3,3,2
1277,0,1,0,0
397,3,4,2,2
5360,0,3,0,0
1067,4,5,0,1
2155,0,1,0,3
3215,0,0,0,2
7737,0,2,1,2
5902,1,3,4,1
3109,0,1,0,0
2636,1,1,1,2
4856,1,10,2,17
331,0,6,2,5
6775,1,2,1,2
5229,1,1,2,9
2331,5,4,4,3
2111,1,0,5,2
6315,0,1,0,0
7504,0,2,1,2
6586,1,2,0,0
3211,0,4,2,7
2824,0,0,0,2
6417,1,3,3,3
5751,0,1,0,2
2818,0,0,0,4
93,6,4,11,2
4089,0,2,0,2
4972,0,2,2,1
2533,5,3,0,4
6935,0,2,1,3
389,0,1,2,0
3004,0,1,1,2
911,3,2,3,2
5075,0,1,0,0
1290,4,2,0,1
5448,0,1,0,1
5614,1,0,3,2
7933,0,0,2,2
1733,0,5,4,3
2254,3,0,0,1
133,0,7,0,1
7626,0,5,0,1
3460,0,1,1,0
5195,0,2,0,2
2353,0,5,2,1
1760,0,0,0,2
9,0,5,1,1
6496,0,0,4,5
7259,0,3,3,3
6290,0,2,0,3
1209,2,1,2,2
1407,0,2,2,1
3199,0,0,0,2
6101,0,4,1,3
7186,0,1,0,0
2577,0,2,2,2
6663,0,0,1,0
3786,2,2,0,3
5824,0,3,0,1
2246,4,2,4,5
3621,0,1,0,2
592,0,4,2,6
4436,0,1,0,0
2337,0,3,3,8
7423,0,1,0,3
7366,0,1,0,1
4604,1,3,0,1
2232,1,2,0,0
5177,0,1,0,1
172,0,2,0,1
960,0,1,0,4
2933,0,1,1,3
3020,0,3,5,8
2108,0,2,1,1
3841,10,7,1,3
5295,0,1,1,0
4725,0,2,0,4
1867,0,1,0,1
3173,0,2,0,0
2132,0,0,1,0
2249,4,1,4,4
838,0,2,1,5
1143,0,5,2,1
1495,3,2,0,1
707,6,2,1,3
3133,0,3,2,4
3547,0,3,0,0
3884,0,1,3,7
3336,0,0,1,1
1935,0,2,0,3
5827,0,1,0,4
3840,1,4,0,0
147,6,7,6,1
4630,0,1,3,2
5850,1,1,3,4
983,1,1,1,2
1040,0,1,4,2
7307,0,4,0,5
6325,0,2,0,2
232,0,2,0,0
7602,0,2,0,3
2631,1,1,1,0
1007,0,6,2,2
6265,0,0,0,0
281,0,4,2,4
7347,0,6,2,3
6403,0,1,0,3
1208,2,0,2,2
5519,0,2,0,2
6830,0,8,2,4
4532,1,1,0,0
4772,1,4,2,6
1685,5,4,4,3
5950,0,0,0,1
2715,1,2,0,5
49,0,6,3,2
1174,4,1,5,2
360,3,8,0,4
7325,0,2,0,2
7935,0,2,2,10
6633,0,3,2,2
1402,4,3,0,1
2393,3,7,3,8
4416,1,1,0,0
2756,0,3,0,2
5250,0,0,0,1
5217,0,1,0,2
2541,0,2,0,2
3811,0,1,0,7
5393,0,1,0,0
5291,0,3,1,2
5625,0,0,0,0
5326,1,2,0,1
3927,1,0,0,3
7551,0,1,1,4
4225,0,1,0,3
7598,0,4,2,4
613,0,6,1,1
6062,0,2,0,3
3442,0,1,0,0
2602,0,1,0,2
1370,0,1,0,0
2984,0,8,2,3
2618,1,3,1,2
7143,0,4,2,0
3104,0,2,0,0
6201,0,0,0,2
2192,0,3,2,4
234,0,3,0,0
5111,2,2,0,3
1826,1,1,0,2
1613,0,3,2,3
3469,0,5,1,2
661,0,1,1,0
7293,0,5,1,5
6900,0,2,0,3
1191,0,1,0,0
4282,0,2,0,1
7019,0,1,0,2
6905,0,2,0,3
4638,0,7,2,5
3662,1,4,6,3
5225,2,3,1,7
1529,4,3,0,4
7981,1,0,6,0
1844,1,0,2,3
350,0,1,2,1
2508,4,1,0,2
2469,0,3,0,1
4064,0,1,0,0
7223,0,1,2,0
29,0,4,1,9
2440,0,1,4,4
2394,3,6,3,1
1904,1,2,0,2
7151,0,1,1,4
558,0,1,0,1
5774,0,3,2,4
5558,0,0,3,0
6798,0,1,0,3
3673,0,5,2,3
388,5,5,2,1
4353,0,2,0,0
953,1,4,3,1
4213,0,4,1,6
7974,0,1,1,6
314,6,2,5,2
6123,0,1,1,3
1562,4,1,5,5
7401,0,1,1,1
2260,0,3,2,4
4133,1,1,1,0
4155,0,0,0,0
3666,1,2,4,2
5053,1,1,0,2
6515,0,7,0,3
3552,0,1,1,0
6135,1,3,3,7
4434,0,0,0,0
4203,0,1,0,2
5,0,2,2,3
6998,0,2,2,0
3543,0,0,1,2
7029,0,2,0,2
3646,0,1,1,0
6009,1,5,3,4
6960,1,2,7,4
1098,0,1,0,0
6209,0,1,0,1
326,6,5,7,7
1717,4,2,0,5
5899,0,1,2,1
1415,1,1,1,2
7374,0,2,0,0
70,0,3,0,2
1091,0,1,0,0
36,0,4,1,2
6509,0,2,0,5
1926,0,1,2,1
6720,0,2,1,2
295,0,1,1,2
231,0,4,4,0
6418,0,2,0,3
2902,0,2,0,0
4975,0,0,0,1
1654,0,6,3,4
2443,0,1,1,1
417,1,3,0,4
6365,0,1,1,0
864,0,0,0,0
7780,0,3,0,4
993,1,4,4,3
5427,2,1,0,1
1124,0,2,0,1
6266,0,0,0,1
7132,0,2,1,3
3293,0,2,4,1
2939,0,0,4,1
5878,0,2,0,5
7462,0,2,0,1
922,1,4,3,2
6442,1,2,2,0
6383,0,2,0,2
1901,1,0,1,3
1797,5,2,0,1
6904,0,1,0,1
5676,0,2,1,0
22,0,1,0,7
3134,0,0,0,2
1348,1,1,2,2
1015,0,1,2,1
6641,0,0,0,3
5843,0,0,0,0
7843,0,4,3,1
1246,0,1,0,0
3405,0,0,1,6
465,1,4,2,2
5296,0,0,0,0
1949,3,1,2,1
5996,0,1,0,4
403,3,4,3,1
6456,0,1,0,0
6223,0,1,0,0
1936,0,2,0,3
5485,0,0,0,0
6809,0,1,1,7
5632,1,3,0,0
3614,0,3,1,2
6090,0,2,0,2
7586,0,2,2,7
2137,0,1,9,0
4129,0,2,3,0
1497,0,3,1,0
3239,0,1,0,1
537,0,3,7,4
7570,0,1,0,2
505,0,3,1,1
5119,0,1,4,0
1508,3,2,0,1
7258,0,5,5,4
7354,0,2,0,2
3597,0,0,2,2
4003,0,0,0,1
7521,0,4,4,0
3254,0,0,0,3
2336,0,1,1,5
2371,6,1,2,2
628,0,2,5,3
6489,0,1,0,1
5507,0,0,0,2
1224,0,1,0,0
3448,0,1,0,1
5842,0,1,0,1
1594,0,2,1,3
1374,0,0,0,1
211,4,5,7,4
7372,0,1,0,1
5966,1,3,1,5
6867,0,1,0,1
6232,0,1,0,3
7615,0,2,0,1
6302,0,1,2,0
5603,0,1,1,1
2734,0,2,1,5
107,0,1,0,2
2531,6,1,0,1
6731,0,4,2,1
1272,0,1,0,0
5147,1,2,3,0
6260,0,1,4,3
1793,0,1,3,0
3959,2,1,0,3
2148,0,1,1,3
3298,0,0,3,10
3623,0,3,0,3
5882,1,2,0,1
6969,0,2,0,2
2211,0,3,0,0
1892,2,1,2,0
7313,0,3,0,1
6159,0,3,0,4
7643,0,1,0,1
6643,0,2,0,3
6422,0,1,0,5
5467,0,4,0,4
239,1,1,0,2
230,0,1,1,1
2094,0,1,0,4
2579,0,2,1,0
5987,0,0,0,0
2626,6,2,1,7
4313,1,0,1,0
2063,1,1,2,1
2333,2,4,2,5
1720,0,3,10,6
5772,1,1,3,0
6319,1,1,0,0
7495,0,4,0,1
1201,1,2,0,2
819,0,1,1,1
3861,0,1,0,3
1765,5,1,2,2
6783,0,1,0,4
5226,0,0,0,1
1169,0,1,1,1
2182,3,1,0,3
2999,0,3,3,6
1328,0,2,0,2
1392,1,2,1,2
2258,3,0,3,3
6617,1,1,4,3
6309,0,1,0,0
1628,0,1,1,3
944,0,2,1,0
5865,0,2,0,1
4690,1,1,0,3
2542,0,1,0,2
4612,0,1,0,5
6511,0,2,0,0
4974,0,0,0,1
7249,0,4,2,1
609,0,8,0,0
6622,3,4,8,4
1991,0,1,2,0
2587,0,1,0,0
6367,0,1,1,0
1903,0,9,3,11
3818,0,5,0,1
254,8,2,9,4
3919,1,0,1,1
2648,1,1,0,1
2351,0,3,1,7
6632,1,1,0,0
584,2,2,0,1
496,4,2,4,1
7931,0,2,3,5
1690,0,1,4,1
5490,0,0,0,0
6825,0,2,0,1
2118,6,2,5,0
861,0,3,0,1
7781,0,2,0,5
698,3,3,2,1
892,0,2,1,6
2888,0,2,0,16
3644,0,3,0,1
7577,0,1,0,1
7965,1,9,2,3
68,4,6,6,17
959,0,3,4,2
160,0,2,0,2
3689,0,3,0,0
7471,0,3,0,1
1321,0,4,0,0
416,0,1,0,2
5285,1,1,6,1
124,0,3,0,1
2418,0,2,0,1
1112,0,1,0,0
3197,0,0,0,3
2279,0,2,2,2
2406,0,2,0,1
7168,0,5,0,4
2037,1,5,2,1
6965,0,2,2,2
3483,0,1,0,0
7930,1,5,1,4
1985,0,1,0,0
435,0,4,1,0
61,4,3,6,3
3259,0,1,3,1
7246,0,1,0,0
7329,0,7,0,3
2985,0,0,2,3
4699,0,1,0,4
7254,0,6,5,3
4464,0,1,0,0
7841,0,5,1,1
974,1,1,1,2
6907,0,1,0,3
5395,1,1,0,0
6160,0,3,2,1
1127,0,1,1,2
3628,0,3,1,2
2074,0,2,0,3
7174,1,1,2,2
3375,0,0,1,0
15,0,3,1,2
2768,0,0,2,1
3027,0,3,2,1
7543,0,3,1,3
1973,2,4,0,3
1948,3,2,3,0
6037,0,1,0,0
6740,0,0,5,0
7875,0,3,3,6
6559,0,2,3,1
5521,0,1,0,4
583,0,1,3,1
1227,0,1,0,0
2719,0,1,2,0
442,0,1,3,1
2801,0,2,0,0
6944,0,3,0,0
5440,0,3,0,1
918,1,2,0,0
4181,1,1,0,0
7214,0,1,0,0
2770,0,2,0,0
7634,0,1,1,1
2988,0,1,0,2
6816,0,0,4,0
6413,0,0,1,2
6532,1,2,0,2
1170,0,1,3,3
1908,0,2,3,3
655,0,4,2,6
3700,0,3,2,1
7556,0,1,0,1
5642,0,3,0,0
2436,0,1,0,2
3939,1,2,0,0
6368,0,1,0,1
6875,0,1,0,1
5107,2,2,1,2
4963,0,1,0,1
6574,0,0,0,3
996,0,1,0,1
6124,0,1,0,1
6131,1,3,0,2
1125,0,1,1,0
6487,0,1,1,0
27,0,1,1,5
4211,0,3,1,0
5345,0,6,4,0
6049,0,1,0,1
2212,0,2,0,1
7130,0,5,2,4
7044,0,2,1,1
1309,0,2,0,2
745,0,4,1,6
1998,0,0,2,2
990,0,1,1,2
3886,0,2,2,1
1928,1,2,3,4
3335,1,2,1,6
6566,0,1,0,0
5855,0,0,2,2
5782,0,0,0,3
3411,3,3,1,2
7976,0,0,0,3
1093,0,1,0,0
2726,0,1,0,3
6999,0,3,2,0
4916,1,2,0,1
5083,0,1,0,1
6590,1,3,0,0
6949,0,0,5,3
1833,1,1,2,2
2588,0,1,0,0
2981,0,5,0,0
6211,0,1,0,4
3067,0,0,0,3
626,0,2,0,1
2370,6,4,0,3
6174,0,0,0,1
4041,1,1,0,1
161,0,2,0,1
4846,0,1,0,1
6243,2,5,0,1
6605,1,3,2,2
1294,3,1,1,2
4173,0,3,0,4
1750,0,1,5,3
842,0,1,0,2
4938,0,2,0,0
7944,7,10,10,10
5710,1,1,1,2
6579,0,1,0,0
1981,0,1,1,2
5799,0,1,2,1
4959,0,0,0,0
4488,0,2,1,0
7129,0,2,2,1
5101,2,1,1,5
1360,4,3,0,1
1516,4,1,3,1
510,0,3,0,0
4137,0,0,1,0
1418,0,2,0,2
1217,0,1,0,0
6933,0,1,0,0
243,1,5,0,1
6324,0,2,0,0
3379,0,2,6,5
4718,0,1,3,0
7457,0,2,0,2
6852,0,1,0,6
873,3,2,4,1
6395,0,2,1,9
7518,0,4,2,0
2214,0,1,1,3
2728,0,2,1,4
3136,0,0,2,5
377,2,3,0,2
265,0,1,0,3
1146,0,1,2,0
4009,1,2,0,4
2014,0,2,1,0
2243,1,0,0,2
2338,0,1,1,3
1130,0,0,3,0
1445,0,4,0,2
7320,0,3,0,1
447,0,1,1,1
5403,0,1,0,3
7324,0,4,1,3
6047,0,3,0,0
2914,0,2,1,3
2152,1,1,2,3
4442,0,1,0,8
5318,0,0,2,0
5925,0,5,0,3
1753,1,1,0,0
4032,1,3,1,2
1672,6,1,0,2
3289,0,0,0,4
1897,1,1,1,0
3386,0,0,0,5
6466,0,3,0,1
1046,1,0,4,2
3643,0,5,0,0
6173,0,0,0,2
5721,2,4,3,4
3037,0,2,0,4
6517,0,2,0,4
7490,0,1,2,2
1267,0,1,0,0
969,0,1,0,3
5823,0,1,1,2
6264,1,2,1,2
5975,0,1,1,1
6446,0,2,1,4
5135,1,0,0,3
5876,1,1,2,4
3191,0,1,0,0
912,1,1,0,0
3987,1,0,0,2
6030,0,0,2,2
571,0,3,1,7
3042,0,1,0,0
2441,0,2,4,3
349,0,1,0,1
3006,0,1,0,3
2480,1,1,2,1
4768,2,4,2,2
5002,0,1,0,0
3519,1,1,2,1
7230,0,6,2,2
286,0,0,0,1
7492,0,3,3,2
695,0,1,2,1
291,0,5,0,1
309,6,5,0,7
6323,0,3,1,0
608,0,3,2,1
2204,0,5,1,6
5362,0,1,0,4
898,0,3,3,1
7572,0,3,0,0
2221,2,2,4,7
1956,3,2,1,1
6694,1,1,1,10
7846,0,4,4,2
2502,0,0,0,2
1770,5,2,2,1
2789,0,1,1,1
946,0,1,1,0
5880,0,4,0,4
522,0,1,0,1
6848,3,2,4,2
4197,1,1,0,5
1070,5,4,0,3
5369,0,0,1,2
1955,4,1,4,1
3054,0,3,0,2
71,0,3,0,1
511,0,2,1,0
6514,0,3,0,0
2526,5,1,0,3
7910,0,3,0,5
2638,0,1,1,2
731,0,2,0,2
7593,2,3,0,1
1852,0,3,1,5
700,0,0,1,0
2407,0,2,2,0
7176,1,1,3,0
1437,3,3,0,0
7220,0,3,1,8
1644,1,1,1,2
4005,0,1,0,5
3072,0,1,0,3
7303,0,1,3,3
1059,0,1,1,1
3441,0,2,2,0
4478,0,1,0,0
1576,0,1,3,2
3138,0,0,1,3
673,0,3,0,1
4935,1,1,1,0
4109,0,0,0,2
2126,4,0,1,0
4444,1,1,1,0
1608,0,0,0,0
3671,0,1,0,2
7687,0,1,0,0
6257,1,0,1,2
7638,0,2,1,2
7686,1,4,0,5
7596,0,9,2,7
2983,0,5,0,2
3832,0,2,3,5
1898,5,1,3,5
1084,0,2,0,0
3152,0,4,0,0
715,1,1,1,0
4920,0,1,0,3
3011,0,0,1,1
3443,0,0,0,2
849,2,2,1,3
4766,1,1,1,1
4981,0,0,0,0
5766,0,1,0,3
1801,6,2,2,4
1322,0,5,1,0
5690,1,3,2,4
156,0,1,0,0
3688,1,2,3,2
577,0,1,5,0
5540,1,1,2,1
5860,1,0,1,3
6689,0,2,1,3
7909,0,2,2,5
2426,0,1,1,5
2942,0,2,0,1
2376,1,1,2,1
419,0,2,2,4
179,0,2,0,1
2544,0,2,0,1
4908,1,0,0,5
6028,0,1,1,1
325,1,2,2,3
6883,0,0,1,2
311,4,3,4,2
2850,0,2,0,3
4616,0,1,0,3
7887,0,3,3,8
5659,0,1,0,1
2974,0,0,1,3
5818,0,1,7,0
6117,0,3,1,3
4347,1,1,1,1
512,0,2,3,0
2679,0,2,1,0
762,0,4,1,0
1409,0,1,0,3
3164,0,1,0,1
6366,0,1,0,3
6239,0,0,0,3
1471,0,1,0,0
935,0,1,0,0
7217,1,2,2,1
3371,0,1,2,3
3618,0,3,1,1
7558,0,4,3,4
7193,1,2,3,1
5257,0,0,0,1
2032,0,4,2,0
5272,1,5,1,4
7243,0,2,3,0
4608,0,1,0,1
4918,0,0,0,5
30,0,3,0,1
6141,1,1,2,1
6928,0,3,1,1
2083,5,2,1,2
7652,0,4,1,3
4887,2,3,2,2
1329,4,1,0,1
2855,1,3,2,6
5167,0,1,1,4
4069,0,3,0,6
804,0,1,0,0
2503,0,1,0,1
18,0,5,1,2
6961,0,1,2,0
4951,4,12,7,8
6746,0,2,3,0
3857,0,1,3,2
4566,0,1,1,0
5025,0,1,0,0
1574,0,1,4,0
7569,0,3,1,3
6247,2,1,1,1
741,0,1,1,5
1563,4,2,4,4
1452,2,2,0,1
1443,0,4,0,2
2495,1,1,0,5
1251,0,1,0,0
1104,0,1,0,0
1242,0,1,0,1
6292,0,3,1,1
6541,2,4,2,1
5937,1,2,1,3
3296,0,0,2,8
7619,0,1,0,5
4317,2,2,0,3
4058,1,0,3,3
3253,0,1,0,1
4524,0,1,3,1
771,0,2,2,2
1128,0,3,6,0
237,0,6,1,1
7304,0,3,0,6
1657,0,4,0,0
5479,0,1,0,5
4337,1,1,0,1
6000,0,1,0,0
7196,0,1,0,0
1751,0,1,0,2
1229,0,5,4,2
1858,0,0,0,1
3260,0,2,0,0
6711,0,1,0,0
7343,0,0,1,4
3108,0,0,0,1
2346,1,6,0,4
836,0,4,1,1
1038,0,3,0,2
3232,0,5,4,10
7022,0,2,0,0
2865,0,4,0,0
6032,0,1,1,0
280,0,2,0,1
1599,0,1,1,1
4159,0,2,0,1
4985,0,0,0,1
693,0,1,0,3
5513,0,1,2,3
7826,1,4,1,8
4738,1,2,2,4
6343,0,1,0,0
3866,1,4,0,3
1154,0,2,0,1
5879,0,4,0,3
1531,2,3,3,2
6995,0,0,2,1
657,0,3,1,0
2870,0,0,0,0
3231,0,1,1,4
7667,0,3,2,6
6150,0,0,0,1
1958,1,8,0,7
6743,0,1,1,4
3184,0,0,3,0
4929,0,2,0,0
7748,0,4,1,5
7608,0,7,3,4
6592,0,3,1,1
6228,1,1,1,2
6076,0,2,0,0
618,0,0,1,1
4902,0,1,0,4
2535,5,4,0,3
2510,3,0,0,2
5621,0,1,0,0
7289,0,7,0,1
5377,0,2,1,0
7077,0,1,0,1
6347,0,1,0,0
951,1,1,0,1
7794,0,6,2,2
5974,0,1,1,1
1586,3,1,0,1
6819,0,0,0,2
561,0,1,0,1
1738,4,2,0,2
6330,0,2,0,0
5726,0,2,5,2
6696,2,2,1,0
7169,0,2,0,1
3220,1,3,1,8
198,6,4,7,7
1651,1,2,0,1
546,0,10,1,0
3018,0,0,2,0
2754,0,1,0,1
235,0,2,4,0
1069,3,4,0,1
6328,0,5,0,0
3432,0,2,0,2
3255,0,0,0,5
3337,1,2,3,8
1894,2,6,3,2
7465,0,3,2,0
2990,0,0,5,8
1678,4,2,0,2
3764,2,2,2,3
6270,0,2,0,0
3482,0,1,1,1
4850,1,1,1,0
2146,0,3,1,6
1200,5,1,5,1
6015,0,1,1,3
1030,0,1,1,0
6794,0,4,0,3
1938,1,3,2,1
2546,0,2,1,3
975,1,1,1,1
2096,0,0,0,1
6269,0,2,1,1
793,0,1,0,0
606,0,1,3,1
6513,0,4,0,6
6813,0,2,0,6
7209,0,1,2,2
2792,0,1,0,1
6762,1,3,2,0
4669,0,7,0,4
3210,0,1,1,2
5631,0,3,0,3
59,10,2,13,2
7300,0,3,1,3
2937,0,0,1,2
6986,0,1,0,0
524,0,0,0,0
4582,1,1,0,2
443,0,5,1,0
5756,1,1,0,2
60,6,3,6,1
7630,0,1,0,2
7595,0,5,1,2
5961,1,11,3,13
6120,1,6,10,6
6086,0,3,0,1
7750,0,1,2,1
6578,0,1,0,4
383,0,5,0,2
7778,0,3,3,3
6147,0,1,2,3
4484,0,1,0,2
5777,1,4,6,1
2476,0,2,0,2
5590,0,4,5,5
1499,6,2,5,4
6478,1,1,3,4
2605,0,2,0,2
4201,0,2,3,5
2360,3,2,0,1
5569,0,3,0,2
2758,0,2,0,2
7567,1,2,1,2
3437,0,2,1,2
6646,0,1,1,5
7299,0,2,3,4
3064,0,1,0,3
6432,1,1,3,0
682,0,4,0,2
2229,0,1,3,5
809,0,3,0,2
2646,1,0,1,3
508,0,1,0,2
2536,0,2,1,3
7847,0,2,2,0
376,1,2,0,2
318,4,4,4,3
2377,6,3,0,3
5165,0,0,0,1
4995,1,1,1,0
354,1,0,1,1
6665,0,2,4,0
5248,0,0,0,1
6680,0,3,0,0
7345,0,2,2,3
7031,0,1,0,3
7405,0,1,2,1
7295,0,5,0,5
5016,0,1,0,0
415,0,1,0,0
5001,0,1,0,0
1381,0,1,5,5
5801,1,2,0,2
1378,4,1,1,5
3287,0,0,10,3
4793,0,1,0,1
1692,4,2,1,6
2494,0,3,2,3
1800,1,5,3,2
1675,3,1,0,1
4117,0,2,0,1
802,0,3,0,0
5317,0,1,2,1
2995,2,1,1,11
6313,0,0,0,1
950,1,1,2,3
7428,0,0,4,1
812,0,6,0,1
5532,0,0,1,1
3143,0,5,1,13
3095,0,1,0,8
1633,4,1,0,5
589,3,1,0,2
7261,0,4,1,0
5861,0,1,1,1
3809,0,0,0,5
594,0,2,1,5
6523,3,5,4,22
3553,0,1,1,1
7753,0,1,0,4
7606,0,0,0,1
3777,0,7,0,7
4339,2,2,0,1
3465,0,4,3,0
2859,0,0,0,1
3290,0,2,1,9
5399,0,2,0,3
764,0,6,2,1
2117,5,2,1,0
6226,1,2,1,4
7565,0,0,0,4
2142,0,3,2,5
2019,0,1,0,3
6920,0,2,1,8
491,3,5,2,2
1559,2,4,5,2
7352,0,1,1,1
1851,0,3,0,4
373,1,4,1,4
543,0,1,1,1
5700,0,2,1,0
7580,0,3,0,1
379,0,7,3,5
5493,0,3,1,4
6760,0,1,0,3
3859,0,0,0,2
2955,2,2,1,4
7662,0,3,6,0
728,2,8,5,1
7111,0,3,0,4
5627,0,1,1,6
4049,0,2,0,2
930,0,0,0,0
4091,0,4,1,7
860,0,1,1,2
556,0,1,0,1
4783,1,1,1,0
755,0,1,0,1
2306,0,0,2,4
6785,0,1,0,1
1049,3,3,1,3
4831,1,0,0,0
335,3,1,3,1
5349,0,2,0,0
86,4,8,6,0
6194,0,2,2,1
7234,0,2,1,1
6967,0,1,3,4
4896,0,2,1,3
2379,6,1,1,1
7148,0,2,3,2
5013,0,1,0,0
3754,1,1,0,1
3229,1,3,1,2
343,0,0,1,1
7537,0,4,1,2
3723,1,0,2,2
6728,0,1,1,9
6901,0,0,0,3
1819,0,1,0,1
5739,0,1,5,3
6390,0,1,2,4
2311,0,2,2,5
2917,0,1,0,3
765,0,5,1,0
588,1,0,0,2
6855,0,4,1,1
7649,0,2,2,1
2561,0,1,0,0
6018,1,1,1,2
6457,0,4,1,0
7842,0,8,2,3
6116,0,4,0,2
6066,0,1,2,2
252,1,2,0,0
6005,1,4,0,4
5259,0,1,1,2
1162,0,1,2,1
2149,0,2,2,6
553,0,1,0,0
2918,0,0,1,0
3452,0,1,0,0
3002,0,1,2,1
2684,0,1,2,3
2598,5,1,0,6
6254,1,2,2,2
2059,0,4,3,4
627,0,0,1,1
4476,0,1,0,1
1356,3,3,0,1
5471,0,0,0,0
7848,0,3,1,4
2820,0,1,0,1
2799,0,3,0,0
3195,0,4,0,10
2000,0,1,5,0
2389,1,2,1,2
2424,2,6,2,6
1441,3,3,0,1
6261,0,1,5,3
236,0,5,0,1
4548,0,2,0,0
4424,0,0,0,2
2252,3,1,0,2
6146,0,0,1,1
1338,1,4,0,2
4377,0,2,4,3
4754,0,0,0,0
6140,1,2,1,0
6196,0,3,1,1
2926,0,2,0,2
2884,0,2,0,0
1315,0,2,3,1
6913,0,2,0,2
285,0,2,1,2
5761,1,1,0,3
3844,1,3,0,2
2293,0,3,2,5
2374,1,3,4,7
1395,0,1,1,0
5720,0,3,1,1
1538,3,2,3,4
7913,1,4,1,4
361,0,3,4,2
4987,0,2,1,0
952,1,3,2,1
3801,1,4,6,0
5873,0,0,3,2
7433,0,3,0,0
1696,4,3,0,3
2514,4,1,1,1
2994,1,2,1,5
2553,0,2,0,0
494,3,2,4,1
1102,0,1,0,0
7784,0,4,0,2
3265,0,1,2,0
1875,4,2,1,1
323,2,3,4,3
334,2,5,3,1
5297,0,1,0,2
7754,0,2,0,1
3169,0,2,1,2
2186,3,2,1,0
6774,1,1,1,2
6331,0,1,0,0
214,6,6,9,4
7854,1,2,0,1
3499,0,2,0,2
6189,0,3,0,3
4825,0,3,1,2
538,0,4,0,2
2741,0,1,0,2
6163,0,1,0,1
1524,4,2,0,0
7980,0,4,8,0
2775,0,0,1,1
402,2,1,4,4
3128,0,1,0,5
5687,2,1,2,3
6022,0,3,0,1
712,5,6,2,2
2639,0,2,0,3
3157,0,1,0,0
2909,2,2,1,5
5947,1,2,1,1
1385,0,2,3,4
1498,1,2,1,2
7396,0,3,0,0
7620,0,1,2,1
1818,1,0,0,0
3770,2,2,0,1
6412,0,1,0,1
931,0,1,0,0
2463,0,1,0,1
2692,1,1,0,3
7414,0,5,2,1
5770,0,0,1,1
2273,0,6,3,4
1909,1,5,12,1
3155,0,0,4,6
2652,0,3,1,0
1913,3,0,2,3
917,2,1,0,4
5009,0,1,0,0
7751,0,1,0,3
5319,0,1,2,0
1552,1,4,1,3
1139,0,2,2,0
1820,0,2,3,0
3983,0,2,3,1
3163,0,1,0,1
1942,1,2,1,3
5014,0,1,0,0
2585,0,1,0,1
4402,0,2,2,1
2194,4,3,0,3
7437,0,2,5,3
758,0,1,0,1
4650,2,2,5,2
2097,0,0,0,0
7539,0,3,1,3
6364,0,1,0,2
1757,0,1,0,0
6416,0,2,0,2
7771,0,1,0,3
1579,0,1,0,2
7056,0,5,1,7
4977,0,1,2,0
2099,0,1,1,2
4043,0,2,1,1
1339,4,2,0,3
1206,2,3,3,1
399,5,6,0,4
1514,3,1,0,1
6890,0,2,0,3
1010,0,4,0,2
1302,5,1,0,1
6978,0,2,0,3
2725,0,0,0,0
6545,1,1,1,1
5355,0,0,1,0
7194,1,3,2,2
4502,1,2,0,0
4755,0,2,7,9
3447,1,0,0,0
5424,0,1,0,3
552,0,0,0,1
5618,0,2,0,3
787,0,6,1,0
2993,1,1,1,6
7178,1,1,2,2
7635,0,3,2,1
7746,0,0,0,2
5938,1,4,2,5
5489,0,0,0,0
5936,1,4,1,10
1444,1,3,0,1
2185,3,1,1,1
1028,0,4,3,5
1544,4,2,0,5
3867,0,1,0,1
6225,1,1,1,4
7190,0,0,0,1
4756,0,0,2,1
4438,0,1,0,0
2742,0,1,0,2
6843,0,8,3,2
4936,1,3,1,0
2521,4,1,0,3
1075,7,1,8,1
3474,0,3,0,1
3390,0,2,9,4
1165,0,2,1,0
2020,0,1,0,2
177,0,4,1,5
3383,0,2,6,8
4448,0,1,1,3
1485,2,2,2,1
5753,0,1,0,0
7072,0,1,0,4
7788,0,2,2,2
1511,4,1,1,1
456,0,2,1,1
353,0,1,0,2
2459,0,1,0,4
660,0,2,4,1
903,0,2,0,0
5105,0,3,6,1
1449,1,1,0,0
7013,0,1,1,0
7200,0,2,0,0
1365,4,2,1,3
3847,0,1,3,2
6481,0,2,0,6
6597,0,6,3,1
5734,0,1,0,0
3151,0,0,0,3
1308,0,5,0,0
2727,0,0,0,0
2222,4,1,2,9
7015,0,1,0,0
6294,0,0,3,1
2668,2,9,2,4
6401,1,2,1,0
4021,0,0,0,3
6931,0,1,0,3
5919,0,3,5,3
7341,0,2,2,4
5800,1,3,0,4
1469,4,3,0,4
2604,0,3,0,1
4906,0,1,1,3
6305,0,0,1,1
7497,0,4,0,4
6197,0,1,0,1
4215,0,2,0,0
525,2,3,5,3
5310,0,1,2,0
3791,0,1,0,1
7114,0,0,1,2
5000,0,2,0,0
834,0,1,1,2
5401,0,1,0,0
4681,0,2,2,1
7951,0,5,4,5
2701,0,2,5,0
4149,1,1,3,0
3166,0,1,3,0
3329,0,0,0,0
1580,0,1,0,0
5881,0,3,0,4
3010,0,1,0,3
2958,0,4,0,2
1627,6,4,0,6
4235,0,1,1,0
2477,0,2,1,1
4973,0,1,2,1
7609,0,1,2,3
6459,2,3,4,16
2977,0,1,1,1
1931,1,4,1,2
2196,4,2,3,10
5828,0,1,1,3
2743,0,5,2,7
6749,0,0,0,4
1640,4,0,1,2
7934,0,9,4,3
4290,0,1,1,0
1221,0,1,0,0
3399,0,2,5,7
3085,0,3,2,10
4095,0,2,0,4
7139,0,1,0,1
7156,0,2,0,1
1814,3,3,1,0
3302,0,1,1,2
4345,2,0,1,2
4452,0,0,0,0
5364,1,2,1,0
450,0,1,0,1
1074,3,2,5,3
647,3,1,2,1
2210,0,1,0,0
7389,0,2,0,1
7618,0,0,0,2
668,0,1,0,1
7720,0,1,2,10
6683,0,1,3,0
6069,0,1,0,4
1463,0,2,1,3
65,0,2,0,6
7222,0,0,3,0
2497,0,0,4,2
7233,1,6,2,5
3065,0,1,0,2
4470,0,3,0,2
321,5,2,6,4
7089,0,2,4,3
1283,1,1,0,1
4839,0,1,1,4
223,0,3,0,3
6888,0,3,0,3
5730,0,1,2,0
750,0,3,1,0
4135,0,1,0,1
191,0,2,0,2
2007,3,2,3,1
2682,0,2,1,2
1735,0,1,0,3
2562,0,1,1,4
7740,0,1,1,6
6285,0,2,2,4
7835,0,3,0,2
3111,0,2,0,3
1077,0,1,0,0
4702,1,2,0,0
3307,0,0,0,4
3123,0,0,1,0
3032,0,1,1,3
2624,1,1,2,7
1113,0,1,0,0
7858,0,2,1,5
7281,0,5,1,5
7550,0,2,0,5
5593,0,1,1,1
3124,0,0,5,5
0,2,3,0,6
6297,0,1,0,3
6409,0,1,2,2
1451,1,1,1,0
1815,5,2,0,6
866,0,1,1,1
1300,4,2,0,1
5006,0,1,0,0
355,1,1,0,0
3187,0,0,0,5
7647,0,8,0,5
7213,0,3,1,0
1710,0,0,0,2
3539,0,1,0,1
7985,0,2,2,0
3209,0,1,1,0
5623,1,1,1,3
2814,0,2,0,2
351,0,1,1,1
1726,3,6,1,3
7443,0,4,2,2
3433,0,1,0,1
555,0,1,0,1
940,0,3,1,0
2590,0,0,0,1
6256,1,4,0,1
3320,0,3,0,1
3384,0,1,1,4
6681,0,1,0,0
1404,4,3,0,3
2320,0,2,0,0
1639,4,3,1,3
7251,0,5,8,1
7756,0,1,0,3
3357,0,1,9,3
1588,0,6,4,4
7189,0,2,0,1
5252,0,0,1,2
5619,0,0,1,2
6470,0,2,0,0
5932,0,2,1,0
2058,1,2,2,0
3475,0,1,1,3
4848,0,4,1,7
7240,0,7,4,2
2674,1,6,1,2
1974,6,7,3,1
1158,4,1,4,1
2921,0,1,3,0
1918,3,0,1,3
4606,1,1,0,5
6777,0,1,0,1
1468,4,3,0,3
1798,5,3,2,1
4060,0,1,0,1
7448,1,2,4,1
5095,3,1,0,4
4466,0,1,0,2
4209,0,3,2,0
6404,0,1,0,0
1337,3,3,0,1
2451,0,1,1,6
6112,3,3,2,5
3316,0,1,4,0
1265,0,1,0,0
1018,0,7,0,8
816,0,2,2,0
900,0,3,2,1
5624,0,1,1,0
5701,1,0,0,4
6979,0,0,0,0
1773,6,1,6,7
1575,0,1,1,0
460,0,2,0,4
6847,0,2,0,2
2334,2,1,2,6
1963,0,4,0,1
1732,4,0,5,0
7773,0,1,1,2
1408,0,2,0,4
222,0,1,2,5
1484,2,7,0,1
6480,0,0,0,2
2723,0,1,0,3
4934,0,0,0,0
4083,0,2,0,4
3103,0,1,0,2
2907,1,3,1,4
2028,0,1,0,2
4050,0,1,0,0
5103,0,6,3,0
3817,1,7,2,0
6391,0,4,3,9
1156,0,1,0,1
271,0,4,1,1
889,2,3,1,2
4797,0,2,0,3
5572,0,1,0,1
1117,0,1,0,1
7623,0,1,0,0
914,1,3,0,5
5784,0,0,0,0
7856,0,1,1,2
3865,1,0,0,3
4015,0,1,2,0
7040,0,2,3,2
7613,0,2,0,4
792,0,1,0,0
5728,1,1,0,1
72,0,1,0,1
6642,0,3,0,0
2319,0,3,0,1
5764,0,2,0,0
6519,0,3,0,5
6759,0,3,4,1
5438,0,1,0,0
2402,1,1,1,4
6583,1,1,0,1
2030,0,8,1,1
7154,0,2,3,2
2857,0,0,1,1
7093,0,2,0,3
6544,1,2,3,0
2362,5,4,1,3
3326,0,0,0,1
7377,0,1,0,1
580,0,2,1,0
4953,0,1,0,0
6362,0,1,3,3
158,5,6,7,4
4753,0,0,0,0
7326,0,2,2,3
7179,0,3,1,3
2245,4,1,4,4
1976,3,3,3,3
1746,1,3,1,0
129,0,2,1,0
5688,1,5,2,1
6768,2,0,1,1
7346,0,5,2,4
2190,0,4,3,8
7363,0,2,1,2
4294,0,2,4,1
7777,0,1,1,4
90,2,7,4,11
2773,0,2,1,0
6793,0,1,1,3
7419,0,2,0,1
1027,1,7,3,0
5825,1,3,0,3
3396,0,1,0,2
5588,0,1,0,0
3775,0,3,0,3
1838,5,2,5,1
2382,1,2,2,4
4305,2,2,0,1
6610,0,2,0,0
7322,0,1,3,0
5546,1,1,0,1
5097,0,2,4,3
1462,0,1,0,3
6934,0,1,3,0
7759,0,1,0,1
1900,4,2,1,2
6118,0,2,0,2
6389,0,0,2,2
3843,0,4,0,1
7085,1,1,1,2
6657,0,1,1,5
1884,1,2,0,4
78,0,8,0,1
3294,0,2,4,6
5301,0,1,0,2
2973,0,0,0,2
7612,0,4,0,4
5673,0,0,0,3
2600,0,1,0,1
294,0,0,0,0
2073,0,1,0,2
301,0,0,0,0
7418,0,2,1,1
7629,0,0,0,1
1868,0,0,0,1
3312,0,1,0,0
1442,0,3,0,2
407,4,4,8,0
116,2,15,15,1
7589,0,3,1,5
1708,0,1,0,2
6958,0,2,4,3
7775,0,0,0,3
1387,4,1,5,2
891,1,2,1,0
1929,0,3,11,6
2464,0,1,0,1
4508,1,0,0,1
5802,0,1,0,4
850,1,2,1,1
1249,0,0,0,0
5589,0,3,5,4
3758,3,2,0,1
2722,0,0,1,6
6505,0,1,0,0
5595,0,0,0,1
7342,0,1,0,0
2584,0,2,0,2
972,0,3,0,0
2642,0,1,1,2
4260,0,2,0,0
3295,0,4,8,6
2712,0,2,1,1
2554,0,3,0,0
1307,0,1,1,0
6445,0,2,0,0
1960,0,1,1,4
865,0,1,1,0
2643,0,1,1,0
7978,0,8,6,3
3907,1,1,2,3
1695,4,3,3,3
2920,0,0,0,0
6332,0,1,1,2
5550,0,2,0,0
747,0,2,1,4
7605,0,1,1,3
7208,0,0,0,1
6533,1,5,2,4
1764,5,2,1,0
1578,0,0,1,0
2924,0,1,1,4
2384,1,2,1,1
6627,0,1,3,0
5585,0,0,0,0
393,0,3,1,2
5311,0,2,1,0
3299,0,1,4,7
4837,0,1,0,3
6068,0,2,2,4
7659,0,5,0,4
5797,0,3,0,3
5219,0,3,3,2
2705,0,1,2,1
7564,0,1,0,4
597,0,1,2,2
459,0,4,0,3
4189,1,0,0,0
6484,0,1,0,0
3070,1,4,0,15
4966,0,1,0,0
6638,0,1,5,4
255,6,2,6,3
6138,0,1,0,1
6678,0,2,0,0
209,5,1,9,1
7575,0,1,0,2
7782,0,1,1,1
117,5,9,8,8
66,0,1,1,7
6952,0,2,2,3
1676,1,0,0,1
937,0,2,0,0
2557,0,1,0,1
5683,1,0,0,2
174,0,3,1,0
5063,0,2,0,3
1477,5,0,1,2
110,0,3,0,0
2225,0,2,2,3
7358,0,2,0,1
4390,0,0,0,1
1390,1,3,0,0
611,0,2,1,1
2061,0,6,1,1
6158,0,1,0,3
6693,0,2,1,3
4258,0,3,1,1
756,0,0,0,1
4801,1,1,0,3
6796,0,1,0,1
1977,0,3,3,1
4111,2,1,0,1
2916,0,1,1,2
5916,0,1,0,3
2980,0,1,1,1
1992,0,2,2,1
1862,1,3,0,0
6673,0,0,3,4
1213,5,1,0,2
5699,1,1,5,2
2017,5,1,5,1
636,3,2,1,3
5923,0,0,0,3
739,0,4,2,0
867,0,1,1,1
46,0,3,0,5
4886,4,14,10,12
1896,0,10,3,2
7110,0,3,0,4
1673,3,4,0,4
2967,0,1,1,2
1836,6,2,7,6
3017,0,0,0,1
2321,0,2,1,3
24,0,2,0,6
3695,0,1,1,1
4278,1,0,4,0
4795,1,1,0,1
3031,0,1,3,3
6891,0,0,3,1
2375,5,1,1,0
3090,0,1,1,8
1951,3,0,4,2
1460,5,4,1,1
5330,0,1,1,0
2342,0,5,5,2
1617,2,7,1,13
579,0,1,3,3
3853,1,0,1,3
1333,4,1,2,1
3917,0,1,0,1
3056,0,3,0,3
4115,1,1,1,0
1577,0,1,2,2
5153,0,3,5,4
2193,2,3,2,8
7983,0,3,2,5
3835,0,4,3,10
6864,0,1,1,1
6919,0,3,0,5
3752,3,1,0,1
7926,2,3,0,3
467,0,1,2,2
3795,0,1,5,1
2613,1,1,1,4
7421,0,3,0,1
669,0,1,0,1
962,0,3,2,0
7799,0,1,0,1
5723,0,7,2,7
2145,0,2,1,5
1839,0,1,0,1
2490,0,0,0,2
7103,0,3,2,3
923,1,1,2,1
4422,0,1,0,0
4307,2,1,1,5
3278,0,3,4,7
901,0,1,2,1
3406,0,1,5,4
2095,0,2,0,1
1670,1,0,0,2
424,0,3,4,0
2662,1,1,1,3
1116,0,1,2,2
2429,0,2,5,4
2703,0,2,0,2
7229,0,1,1,3
4847,0,3,3,1
4654,0,3,0,1
289,0,1,0,1
7509,0,5,2,0
2800,0,0,0,0
1845,0,3,0,2
3774,0,3,4,5
1237,1,3,6,1
612,0,6,0,4
2714,0,1,1,4
2008,1,1,2,0
6845,0,1,2,2
1821,0,1,2,3
3894,0,0,2,6
2991,0,1,0,6
4978,0,0,0,0
3351,0,1,2,8
3101,0,1,2,1
3256,0,1,0,0
7823,0,3,1,1
3875,0,2,2,0
5243,0,2,0,1
155,0,5,0,0
3252,0,0,0,2
1151,0,2,0,1
6833,0,1,1,5
3855,0,1,2,2
3052,0,2,5,4
3753,1,2,0,0
4151,0,1,0,0
5948,0,1,2,0
6707,0,1,1,2
2445,1,1,5,5
6454,0,6,0,2
7555,0,1,3,0
1779,6,1,3,3
572,0,1,0,6
995,0,1,3,1
2150,0,4,0,4
5279,1,4,2,0
1873,6,1,1,2
229,10,4,11,3
1891,0,1,0,2
5745,1,1,0,0
1979,0,1,0,2
1061,0,1,0,0
1941,1,2,1,1
2545,3,2,0,1
6185,0,1,0,1
2501,0,2,0,0
1788,0,2,0,2
3009,0,1,0,4
5517,0,1,1,4
6880,0,1,1,3
5329,0,3,0,1
5008,0,1,0,0
6295,0,1,0,2
1679,0,1,4,4
7434,0,3,1,2
4315,1,1,1,2
3349,0,1,6,3
2523,5,1,1,6
6889,0,2,0,9
4400,0,2,1,4
2629,7,1,0,5
5810,1,2,0,0
6421,1,1,0,1
2003,5,0,3,2
3892,0,0,1,7
6288,0,2,3,0
4884,0,2,1,3
2710,0,2,0,0
3250,0,0,1,1
5172,0,5,2,2
2608,0,0,0,0
7016,0,2,1,2
7351,0,2,0,2
4038,1,1,1,2
88,5,2,5,0
714,5,3,1,6
4764,2,0,0,2
6877,0,1,1,4
7520,0,0,0,1
1342,3,1,0,5
217,0,2,0,1
5712,1,5,4,4
6408,0,0,0,2
6654,0,1,0,3
2354,1,1,0,1
3078,0,3,6,4
515,2,3,8,1
2432,0,1,0,0
2256,3,0,0,1
5657,0,1,0,1
1626,4,2,3,0
219,0,0,0,0
6465,0,2,3,3
3467,0,5,1,2
3816,0,3,1,2
206,0,1,0,1
4085,0,2,3,2
3683,1,6,1,2
1131,0,3,0,1
6927,0,1,1,3
3158,0,1,0,3
3188,0,5,2,5
4590,0,1,0,2
7006,0,5,1,0
6145,3,2,4,0
356,0,0,1,2
6811,0,2,1,1
564,1,3,5,8
3789,1,1,1,0
6026,0,1,0,0
2609,0,1,0,0
2128,6,1,2,2
1769,4,2,1,1
2289,0,6,0,2
1190,0,1,0,0
3513,0,1,0,0
5736,0,1,0,1
7163,0,2,0,0
2349,0,2,2,4
2220,3,3,3,0
5968,0,0,1,3
2485,0,2,0,1
7672,0,1,0,3
6729,0,1,1,1
607,4,5,3,5
776,2,6,0,1
2486,0,1,0,1
6735,0,0,0,5
803,0,2,0,1
3898,0,3,2,5
2698,1,2,4,0
7344,0,3,4,0
2912,0,0,0,2
2169,1,1,0,1
6714,1,4,0,0
1860,0,2,0,3
2591,0,2,0,0
1912,1,0,1,1
6154,2,3,3,4
6676,0,1,0,1
1702,1,3,0,2
1743,4,1,2,2
6284,1,1,0,0
6360,0,0,0,0
1305,0,3,0,0
5660,0,1,0,0
6981,0,2,0,0
173,0,3,0,3
1560,4,2,9,5
6333,0,1,0,0
3677,0,3,0,2
7906,0,5,1,1
6710,0,0,0,1
7973,0,2,5,4
924,1,1,0,1
7090,0,3,3,6
2559,0,2,1,3
5805,0,2,0,2
3222,0,4,0,3
4785,0,1,0,0
7850,3,7,2,8
5781,0,0,0,3
2171,0,1,0,0
168,9,10,10,5
2869,0,1,1,1
74,0,1,0,0
1369,6,6,0,3
3066,0,1,0,3
145,9,3,11,0
1320,0,6,1,3
4560,0,3,2,1
2696,1,1,1,0
5078,0,1,0,0
3376,0,2,4,4
5563,0,1,0,1
2189,4,1,0,3
868,0,1,0,0
5161,0,1,0,1
5305,0,2,0,0
3048,0,0,1,0
1372,0,1,0,1
6702,1,1,0,2
4522,0,2,0,2
1762,1,3,0,0
5871,1,1,1,3
7903,0,0,4,11
7276,0,0,2,4
2718,0,3,1,1
2866,0,4,0,1
1832,0,1,1,0
3909,0,0,3,4
2415,0,1,0,1
1255,0,1,0,0
4542,1,3,0,2
570,0,2,0,3
6377,1,2,0,1
720,5,4,1,1
987,2,1,1,1
708,5,7,0,7
2506,0,1,0,1
717,5,2,0,5
1269,0,1,0,0
6822,0,0,0,3
20,0,0,0,1
4221,0,2,0,0
3616,0,2,0,0
6371,0,2,1,0
3354,0,3,3,9
4897,0,1,0,0
4708,0,2,2,0
3234,0,3,2,5
5904,0,1,0,6
1582,4,1,1,5
5759,0,1,0,0
6518,0,0,0,0
1355,3,1,0,2
1747,0,1,0,4
6662,0,2,0,3
769,0,3,1,1
7280,0,3,0,1
6562,0,2,0,4
2036,0,4,0,1
5640,0,0,0,0
736,0,4,1,5
1161,0,2,0,2
5341,0,1,0,1
6424,0,1,0,2
2576,0,1,0,0
3921,0,0,4,2
5643,0,1,0,2
4077,1,2,2,1
6334,0,1,0,0
7952,0,5,2,1
6623,3,2,2,8
7541,0,1,1,3
5586,0,3,0,0
7735,0,5,0,6
6677,0,2,1,1
5796,0,1,2,1
7796,0,2,1,1
3204,0,1,0,1
3139,0,0,0,2
4675,0,1,0,2
6666,0,2,0,3
2373,1,2,0,1
1660,1,3,6,4
4450,0,1,0,1
6349,0,1,0,1
6773,1,2,0,0
7216,1,1,2,2
2965,3,8,2,9
5010,0,1,0,0
6686,0,1,0,2
921,1,2,1,1
4672,0,3,0,0
7298,0,4,1,2
2861,0,0,0,3
2614,1,2,1,1
2315,0,0,0,3
7373,0,1,0,1
516,0,2,0,5
1219,0,1,0,0
7403,0,2,0,1
796,0,1,0,0
6503,0,2,1,1
39,0,3,0,6
1587,3,9,0,1
7802,0,3,0,0
6059,0,0,0,4
5570,1,2,1,2
2518,4,1,1,6
1864,0,1,0,0
7128,0,1,6,1
1234,0,4,0,5
6918,0,1,1,1
2836,0,4,0,4
5203,0,2,0,0
7141,0,2,2,0
2489,0,1,0,3
5713,0,3,2,0
468,1,4,1,4
4636,0,1,1,2
1915,1,3,3,8
1159,0,1,0,5
1340,4,2,0,4
7138,0,1,0,1
4574,0,1,1,0
5768,0,1,1,0
3589,0,1,2,6
2516,4,2,1,0
3601,1,2,2,2
7412,0,2,1,4
5651,0,1,0,3
6609,0,3,0,2
1615,0,1,2,4
5428,1,2,1,2
6839,0,0,2,0
7170,0,0,0,1
5426,0,1,1,4
2435,0,1,0,2
648,4,7,1,1
6635,1,1,3,2
5955,0,1,0,3
7184,0,0,0,0
5875,1,6,1,9
5021,0,1,0,0
979,1,6,2,0
5151,1,1,1,1
3568,0,1,1,1
2589,0,2,2,1
3241,0,1,1,1
4371,0,1,0,0
7364,1,3,2,0
1774,7,4,7,7
7371,0,2,0,1
396,4,5,2,2
2908,0,3,1,8
2883,0,0,0,0
1005,0,5,1,2
7017,0,0,0,0
7733,0,0,1,2
2026,0,1,0,1
3606,0,1,1,0
3003,0,1,2,1
2127,4,1,1,0
3391,0,4,2,2
5149,1,3,0,4
5990,0,2,0,1
6019,1,2,0,2
3033,0,0,0,3
6080,0,3,0,0
4262,0,1,0,3
1163,0,3,1,5
3380,0,0,0,14
7912,1,3,0,5
7379,0,2,6,2
6856,0,2,3,4
6887,0,3,3,6
2033,0,7,2,1
6837,0,4,1,1
2498,0,2,0,0
5814,2,2,2,0
3883,0,1,1,1
7966,0,3,1,4
1683,5,3,4,3
4962,0,1,0,0
6300,0,1,0,2
2216,0,2,2,0
689,1,1,0,0
1031,0,5,1,5
4458,0,1,0,3
1600,0,7,0,1
3830,0,1,2,2
2597,0,1,2,0
2203,0,2,0,2
1035,0,4,2,1
7953,2,4,1,3
3318,0,0,4,5
3251,0,1,0,5
7137,0,1,0,0
6321,0,2,0,0
2822,0,0,0,2
2676,0,4,0,0
2023,0,0,0,0
997,0,2,2,5
5775,0,6,3,4
3079,0,2,0,9
3332,1,6,2,7
3911,1,0,0,2
7158,0,1,0,1
1512,2,1,1,3
5704,1,1,0,4
4791,0,0,0,4
3205,0,1,1,1
5070,0,1,1,0
5960,1,4,3,7
2456,0,3,0,1
1406,3,4,0,4
3334,2,4,9,16
2230,0,0,2,7
757,0,1,0,1
1520,5,2,0,2
7656,2,2,5,1
7592,0,4,1,4
6275,0,6,0,1
3624,0,1,0,0
6943,0,0,0,4
6872,0,1,2,0
5953,0,1,2,1
5339,1,0,0,3
4343,1,1,0,2
2403,0,1,0,0
481,0,3,1,4
5258,0,1,1,1
203,0,1,0,5
1133,0,1,1,0
5920,1,5,0,2
3456,0,2,0,0
981,1,2,0,3
2271,0,1,0,1
2683,0,0,0,3
1149,0,0,2,0
6522,0,2,0,2
7273,0,5,0,3
4989,0,1,1,5
4744,0,2,0,3
882,1,4,1,3
6787,0,1,0,4
1095,0,1,0,0
2300,0,1,1,1
195,4,3,4,2
1122,0,1,2,0
6492,0,2,1,0
6346,0,2,0,4
2141,0,2,2,1
181,0,1,0,0
6869,0,0,0,1
711,4,2,2,6
2102,0,1,0,1
5973,0,0,0,0
5874,1,0,4,1
4446,0,2,0,4
2423,0,2,0,0
5049,1,1,1,2
2515,4,1,0,3
1012,0,2,0,2
1957,5,1,1,1
1172,0,1,1,3
1465,0,2,2,4
2305,1,1,1,4
905,0,2,0,1
4813,1,1,1,2
149,8,5,9,8
6971,0,3,1,2
591,0,1,3,0
4610,1,1,0,0
877,4,2,4,3
6155,0,1,0,1
1205,3,0,4,2
4986,0,0,1,1
6779,0,1,0,0
7150,0,3,2,1
2326,4,0,2,2
1521,3,2,0,4
282,0,2,1,1
3402,0,2,4,4
440,0,2,3,1
5670,1,3,1,8
213,4,8,3,2
7001,0,0,0,5
5934,1,5,2,3
2218,0,2,0,0
3327,0,2,0,2
833,0,2,0,1
6818,0,0,0,2
2548,0,3,0,1
2825,0,0,0,1
1135,0,1,0,0
535,0,2,4,2
2675,0,4,1,2
6789,0,1,3,0
6293,0,2,0,2
413,0,2,0,0
6924,0,0,1,1
37,0,2,0,0
2891,0,2,1,5
432,0,1,4,4
1256,0,1,0,0
2805,0,1,1,2
1799,1,2,2,1
7323,0,3,1,4
7218,0,1,3,1
4007,0,4,2,2
2191,0,1,1,9
4910,0,2,0,0
4075,0,2,1,0
2011,0,1,3,0
5061,0,2,0,3
601,0,2,2,2
7501,0,4,2,5
246,0,3,0,0
1535,3,2,2,2
6548,0,2,0,4
801,0,1,0,0
462,3,2,3,2
2607,0,2,0,3
5870,1,3,2,5
2442,1,2,0,4
2066,7,4,0,3
4244,1,2,0,1
2291,0,4,2,5
724,3,2,4,2
2205,0,1,1,1
2623,0,1,0,4
635,3,7,1,2
557,0,1,0,1
7134,0,2,0,4
6308,0,0,0,0
2428,0,1,3,6
789,0,1,0,0
1440,3,3,1,1
7449,1,1,4,0
5560,0,1,0,0
2986,0,2,0,4
7036,0,1,2,0
6,0,2,1,0
1238,0,2,0,1
2298,0,2,0,3
6985,0,3,0,3
1263,0,1,0,0
1494,4,2,0,0
5652,0,3,0,0
5604,0,1,1,0
75,5,4,6,7
7064,1,0,2,0
841,0,2,0,3
4246,0,2,0,1
233,0,2,0,1
631,6,4,1,3
1697,0,4,0,1
6766,1,1,0,0
7053,1,0,2,2
3189,0,1,0,2
7235,0,2,2,0
6619,1,4,3,1
7020,0,3,3,4
5930,0,4,0,2
3963,1,1,3,0
3509,0,1,1,0
2450,0,2,3,5
3013,0,1,0,0
1136,0,1,2,0
2430,0,1,1,3
5645,0,2,2,0
7967,0,0,6,5
6594,0,3,1,1
7956,3,2,4,3
5848,0,2,0,3
1803,4,2,0,1
6560,0,2,1,2
6021,1,2,3,4
3309,0,1,0,4
3757,1,5,3,2
2347,0,6,0,0
2810,0,1,0,5
5530,0,2,0,0
4268,0,2,3,0
425,0,2,1,1
1284,4,1,0,1
7394,0,2,0,1
6575,0,2,0,3
1436,7,5,0,2
6921,0,1,1,4
3888,0,1,1,2
5900,0,2,2,0
3993,0,0,2,3
7450,0,3,1,8
2713,0,1,0,3
96,0,1,1,0
3439,0,1,3,1
41,0,3,0,1
520,0,1,0,1
3531,0,0,0,1
1314,0,1,1,0
2699,0,2,1,2
1542,4,2,0,3
644,1,4,0,2
1266,0,1,0,0
101,0,3,1,0
1306,3,2,3,2
6460,1,1,0,9
7395,0,2,0,0
293,0,0,0,1
3273,0,1,2,4
4284,0,1,0,0
687,0,1,0,0
169,0,2,1,0
5613,0,2,0,3
7334,0,2,1,2
3098,0,0,4,1
3021,0,1,2,2
183,0,4,3,2
368,4,1,1,2
2496,0,2,2,3
637,5,4,6,2
7800,0,2,0,1
2025,0,0,0,0
3706,1,1,4,2
6221,0,1,6,6
7181,0,0,1,4
7809,0,4,3,3
7381,1,4,9,1
1062,0,0,0,0
2281,0,2,3,1
2794,0,1,0,0
1426,1,4,1,0
5703,0,2,0,3
2860,0,1,0,0
1596,4,3,0,3
1571,0,0,2,2
2294,0,1,0,1
6169,0,2,1,1
6596,0,2,3,0
2969,0,0,1,5
3410,0,4,0,11
2174,0,2,0,0
6216,2,4,2,9
7506,0,5,2,3
1080,0,1,0,0
1085,0,1,0,0
6240,0,2,0,5
97,0,1,0,2
1848,0,1,0,0
7312,0,1,1,5
7123,0,2,0,2
6317,0,1,0,1
4979,0,0,0,0
4991,0,3,0,2
3096,0,2,1,3
259,0,2,1,0
6023,0,1,0,3
7755,0,1,1,1
4741,0,1,2,2
1401,4,1,0,1
2681,0,4,1,2
7425,0,2,0,2
7866,0,1,3,2
1285,4,0,0,0
3674,0,1,1,3
5193,0,4,0,4
3699,1,0,2,2
1907,0,1,5,7
2001,0,0,1,1
3185,0,0,0,3
2280,0,1,2,0
2165,0,1,0,0
6435,1,2,2,0
7406,0,1,0,0
6337,0,1,2,2
1526,2,1,0,2
1681,4,5,4,2
201,0,1,0,3
7646,0,0,2,2
4912,1,1,0,3
1621,3,1,2,5
7046,0,5,0,2
2671,1,4,2,5
3279,0,0,0,11
2433,0,3,0,0
1778,6,4,1,5
6618,0,2,3,2
5864,0,3,1,2
2064,0,3,2,0
1581,4,3,0,1
4885,3,3,2,7
3464,0,2,0,1
3159,0,1,0,2
3971,0,2,3,5
3955,1,1,2,2
1755,0,1,0,0
5633,0,1,0,2
6322,0,2,0,0
677,1,4,2,2
1346,0,0,1,2
6122,1,1,2,0
3225,0,0,0,2
6406,0,2,4,0
6092,0,0,0,0
876,6,3,6,1
957,0,2,0,2
1739,7,5,0,1
633,6,8,1,7
3012,0,0,1,4
6133,1,1,3,6
6700,0,5,0,5
3787,1,1,0,3
1975,2,1,1,1
4594,0,2,0,4
336,3,6,3,3
5237,1,1,0,1
6351,0,1,1,4
5365,0,2,0,3
2121,3,0,0,1
2139,0,1,0,1
1618,2,1,2,8
2076,0,1,0,1
1872,3,3,1,2
1813,8,3,0,5
6016,1,6,3,8
932,0,1,0,0
1602,0,4,0,1
175,0,2,0,0
1667,4,1,0,2
7987,0,1,2,2
5170,0,1,0,0
2752,0,2,1,1
6942,0,2,1,0
7507,0,2,3,0
4039,1,1,0,0
5478,1,1,1,2
4723,0,1,0,1
21,0,5,0,0
6113,1,1,4,2
1665,0,1,0,0
3367,0,0,0,7
2122,1,0,1,1
4811,1,2,0,0
6972,0,2,1,2
1804,5,4,0,4
143,8,2,11,4
7131,0,2,0,4
2172,1,1,1,1
1530,3,5,0,1
3141,0,4,3,10
1268,0,1,0,0
2877,0,2,0,0
1457,5,1,0,2
7126,0,2,0,3
1379,4,1,4,3
4242,1,1,0,2
3154,0,2,3,5
6893,0,2,0,0
2615,1,0,1,2
6755,0,0,0,4
5007,0,1,0,0
1044,1,3,0,1
5211,1,2,0,2
2386,1,2,1,1
2890,0,3,1,8
2862,0,4,0,0
2960,0,3,0,2
6109,1,2,1,3
6438,0,4,1,1
2787,0,5,2,8
7801,0,2,1,2
3117,0,4,4,12
4666,1,3,0,0
623,0,2,0,9
7080,0,3,0,4
6476,0,1,0,2
4175,0,1,0,1
6737,0,2,1,3
4644,0,0,0,2
1634,4,2,0,3
2780,0,3,3,1
2176,4,1,0,0
2054,0,2,0,1
686,0,1,0,2
3845,0,0,0,3
1383,1,1,2,3
2207,0,0,0,1
7772,0,1,2,4
5019,0,1,0,1
1254,0,2,0,0
6301,1,3,0,0
2748,0,3,2,5
683,0,2,0,2
3331,0,1,1,3
3062,1,3,2,5
4223,0,2,1,0
6156,0,1,0,1
3046,0,1,1,2
530,0,1,0,6
1334,5,4,1,5
6493,0,1,0,2
2905,0,2,0,3
2110,0,1,0,1
3630,0,7,1,4
656,3,4,2,4
5901,0,2,3,6
5813,3,2,2,2
6708,0,0,0,1
6667,0,1,0,4
1215,1,2,0,2
38,0,2,1,0
6397,0,4,2,8
6769,1,1,1,4
7535,0,2,0,3
3772,1,2,0,1
6576,0,3,2,0
788,0,1,0,0
701,0,1,0,0
5872,1,1,0,4
1983,0,3,3,2
1400,4,0,0,1
2940,0,1,2,2
1835,6,1,6,3
3617,0,3,3,1
3202,0,1,0,0
5949,1,0,0,3
7977,0,3,6,0
3267,0,1,1,1
1637,5,2,0,4
2290,0,3,6,4
1034,0,4,1,1
2628,1,3,1,3
2897,0,2,0,6
3493,0,3,7,1
430,0,1,1,4
7836,0,2,2,6
2253,4,2,0,3
1742,6,1,5,2
2277,0,2,1,2
1064,0,2,0,0
1999,0,1,1,2
1647,0,1,0,1
6287,0,5,0,3
1178,0,5,0,7
3198,0,1,0,3
7474,0,3,1,2
4432,0,1,3,1
7066,0,0,2,2
5776,1,1,5,1
3564,0,1,2,1
3961,0,1,1,0
7430,0,3,2,0
3722,1,0,0,4
6064,0,1,0,0
1145,0,1,0,0
3925,0,0,0,1
2398,2,12,2,4
2630,7,2,0,5
992,0,2,2,0
7008,0,2,1,2
3068,0,2,0,0
62,4,5,5,2
3385,0,1,0,5
2669,2,3,1,4
3931,2,1,1,4
1107,0,1,0,0
6034,0,3,0,0
1502,0,0,0,1
2858,0,1,0,5
5803,0,1,2,2
2002,5,4,1,0
1424,2,6,0,0
7000,0,3,0,2
7397,0,2,0,1
7028,0,0,0,3
2034,0,9,4,3
85,5,3,5,2
7642,0,2,1,2
6776,0,1,0,4
1620,4,2,0,5
5981,1,0,2,5
705,3,3,0,5
4054,1,0,0,1
7752,0,2,2,3
734,0,4,2,6
7054,0,2,1,11
5733,0,1,0,1
3813,1,3,2,1
5554,0,0,0,0
5639,0,1,0,0
2104,0,1,0,1
5976,1,1,3,4
4827,0,2,2,2
5012,0,1,0,0
7385,0,2,0,2
7390,0,2,1,1
2101,0,0,0,0
2348,0,5,3,3
5787,0,1,0,0
3086,0,0,0,12
7536,0,5,0,3
5525,0,0,0,2
6606,1,3,0,1
5039,1,2,0,0
6647,0,0,0,3
3476,0,1,0,1
5913,2,5,8,10
5436,0,1,0,0
6524,1,1,4,3
3353,0,0,2,13
6020,1,1,1,2
3849,0,1,2,8
6431,3,2,5,2
5906,0,3,0,0
67,1,2,2,3
6585,1,2,2,0
6834,0,2,2,2
2018,2,3,3,1
7215,1,1,1,0
7098,0,1,6,3
6820,0,1,0,1
3301,0,2,1,0
6984,0,1,0,2
5867,0,1,0,0
2399,0,2,0,0
4835,0,1,0,2
2709,0,1,2,0
7101,0,1,1,1
929,0,1,0,0
7758,0,1,0,2
3216,1,1,3,4
7455,1,8,1,3
429,0,2,2,2
7383,0,3,2,1
5965,1,5,2,3
1022,0,6,0,1
2846,0,1,0,0
7265,0,1,1,1
6452,0,2,2,3
5474,0,0,0,2
2359,4,2,0,3
7963,0,1,1,2
312,5,1,7,1
1016,0,2,0,2
925,2,3,1,1
7919,1,2,1,3
3781,1,1,1,1
6634,2,1,5,1
1417,0,5,0,5
2453,0,1,1,3
4179,1,1,0,0
3284,0,3,3,10
774,0,1,2,5
699,0,6,2,1
1288,4,0,0,1
4382,0,1,1,0
89,4,6,4,1
5742,1,4,3,3
2383,1,2,1,1
1380,3,3,3,5
7907,0,1,0,0
652,4,3,3,1
5397,0,1,7,0
109,0,6,0,0
3879,0,1,1,0
7960,0,1,3,6
3625,0,3,0,1
4229,0,2,0,0
2261,0,1,1,4
2622,6,0,1,2
7242,0,1,0,1
159,0,4,2,2
7840,0,1,2,8
1183,0,1,0,0
1332,5,5,0,1
1488,1,2,0,1
6703,0,2,2,1
3507,0,3,1,0
691,0,1,0,2
3015,0,2,0,1
958,0,4,1,3
684,0,4,0,1
3458,0,1,0,0
1359,4,3,0,4
6392,0,4,3,5
5831,0,0,0,4
2895,0,2,3,12
2791,0,1,0,1
4087,0,1,3,5
2571,1,4,2,7
3769,2,1,0,1
6549,0,4,0,0
1878,3,1,4,3
1729,5,1,0,2
5933,1,4,1,12
590,0,3,0,1
186,0,1,0,1
1700,0,3,0,0
5035,1,1,0,0
3223,0,2,3,8
5895,0,4,0,1
5004,0,1,0,0
7263,2,1,2,5
1636,4,1,0,4
7658,0,4,1,1
2247,3,0,3,2
6859,0,2,0,5
2352,0,1,2,1
2878,0,1,0,1
1759,0,0,0,1
196,10,1,10,9
7657,0,3,1,7
4414,0,2,0,1
167,0,1,1,1
1922,5,3,0,4
51,0,1,0,0
6603,1,2,1,2
6669,0,1,0,5
2737,0,3,5,0
4536,0,2,0,1
7760,0,1,1,6
1261,0,1,0,0
3549,0,1,1,1
3421,0,5,0,1
1323,0,2,1,2
7742,0,2,1,5
2078,1,2,1,0
3315,1,1,2,8
7424,0,1,0,2
6358,0,0,0,0
2241,5,3,1,2
5041,0,1,0,2
4939,0,2,0,0
7225,1,0,0,2
1871,0,1,0,1
2798,0,0,0,0
7591,0,4,2,0
5157,1,2,1,3
4388,0,1,0,1
704,0,1,0,0
3755,2,1,0,0
5055,0,0,3,1
457,0,0,2,0
7119,0,1,4,0
1780,3,1,1,8
1752,0,1,0,0
1479,1,1,0,1
6697,0,2,0,1
1301,4,1,0,0
1784,1,1,7,0
3640,0,5,0,0
6184,0,1,3,4
288,0,0,0,1
6455,0,4,3,1
3871,0,4,0,0
1235,0,1,1,1
5731,1,1,2,0
559,0,0,0,1
2686,0,2,0,0
266,0,2,2,1
1537,2,2,10,1
3481,0,5,0,4
643,3,0,1,1
2396,1,11,2,3
5765,1,2,4,1
2998,0,2,8,8
1545,4,1,0,3
6871,0,1,0,3
5456,1,3,0,0
5003,0,1,0,0
6144,0,3,0,1
4036,0,0,1,0
2055,0,2,0,3
1853,0,0,0,2
6338,0,1,0,0
2202,1,4,7,8
2471,0,4,2,0
6203,0,2,0,1
5429,0,1,0,1
6866,0,4,0,1
5897,1,0,1,0
3812,0,4,4,2
2093,0,1,0,1
372,3,4,0,1
176,0,1,0,2
1712,0,1,3,3
5630,0,1,0,2
620,0,3,1,2
6722,0,1,0,0
3097,0,0,2,8
526,6,1,6,2
7789,0,1,2,1
2735,0,4,0,2
7805,0,4,0,1
2302,0,1,0,1
2275,0,1,1,0
4035,0,0,0,0
2263,0,1,2,2
490,4,0,4,2
5024,0,0,0,0
5609,0,0,5,3
5414,0,1,0,0
2520,3,0,3,2
1551,0,5,4,1
3610,0,1,3,1
3416,0,4,0,3
7095,0,2,1,3
5273,0,3,0,5
2944,0,1,1,4
7502,0,4,1,3
3144,0,6,3,11
2493,0,1,2,0
909,0,2,2,9
5754,0,0,0,1
7519,0,4,3,1
7301,0,0,2,0
7747,0,5,3,7
7581,0,4,0,1
4327,1,0,0,1
4632,0,1,0,0
3160,0,0,1,1
6723,0,1,4,1
1078,0,1,0,0
5664,0,1,3,0
5270,1,2,1,3
5982,0,1,2,1
3045,0,2,2,3
2105,0,2,5,5
2729,0,0,6,2
3370,0,0,0,11
1609,0,1,2,3
5328,0,1,0,0
165,0,2,1,1
3798,0,1,2,1
2339,4,9,3,8
2219,5,2,0,2
3434,0,7,0,0
6394,0,3,4,9
1500,4,3,1,4
3793,2,2,0,2
5819,1,2,4,1
5387,1,3,0,2
5868,0,3,1,0
5356,0,1,1,1
6542,1,2,2,4
3093,0,3,0,7
1855,0,1,2,0
2831,0,3,0,3
942,0,5,1,0
3291,0,1,0,6
2530,5,3,2,1
3767,0,1,0,0
2162,0,1,0,0
1605,3,0,3,5
1534,3,4,0,1
1060,0,0,2,0
2499,0,2,0,2
1115,0,1,0,0
2640,0,1,1,2
1682,4,3,6,5
7012,0,0,0,5
6289,0,1,0,4
3697,0,4,1,0
2080,0,0,1,3
6896,0,0,0,2
3827,1,0,4,6
2068,2,10,1,1
7127,0,2,1,4
5649,0,0,0,1
3440,0,1,0,1
7157,0,0,0,1
1291,3,2,1,1
938,0,3,0,1
7387,0,0,0,1
10,0,3,1,1
5482,0,1,0,1
1566,4,2,4,2
7260,0,2,3,3
3943,1,1,0,0
3462,0,0,0,1
2732,0,0,0,2
2827,0,1,0,1
7517,0,7,3,0
6467,0,2,3,5
6849,1,3,3,3
7743,0,2,0,4
2259,4,1,4,3
3763,2,8,3,3
3641,0,2,1,0
6427,0,1,3,0
3819,0,3,4,1
7451,1,2,3,7
2721,0,2,5,2
57,7,4,6,4
2766,0,2,0,0
4068,0,1,0,3
2163,0,1,0,3
4752,0,0,0,1
409,3,1,3,1
6932,0,2,0,0
4073,0,1,0,3
4101,0,3,0,0
2906,0,0,0,1
3322,0,2,2,0
773,0,5,0,5
142,5,10,7,10
1100,0,1,0,0
1984,0,0,0,3
476,0,1,1,5
4270,0,2,1,2
4351,0,2,1,1
1656,0,2,0,0
6192,0,2,0,4
106,0,2,0,2
4841,0,5,3,0
1363,4,1,0,4
5509,0,2,1,2
517,0,6,1,1
4119,1,1,0,3
6827,0,0,0,0
437,1,1,0,5
1458,4,2,1,2
6950,0,2,2,6
6733,0,1,1,0
1011,0,5,2,0
306,0,2,0,2
1099,0,1,0,0
622,0,3,9,0
5074,0,1,0,0
7636,0,1,0,1
6876,0,3,2,0
2656,0,1,1,0
815,0,2,1,2
2070,1,1,2,8
2966,0,1,0,0
5320,0,2,0,2
26,0,1,2,3
3739,1,1,2,3
6510,0,3,0,5
1906,4,1,0,4
7144,0,2,0,3
2558,0,1,0,2
3807,0,1,1,2
346,0,1,0,0
4924,0,0,2,3
1252,0,1,0,0
2330,2,1,2,7
7393,0,3,0,1
204,0,1,0,2
208,7,2,8,7
3878,1,1,0,0
4546,2,1,2,0
2570,2,3,1,6
7661,0,2,0,6
6534,1,4,2,1
1658,0,4,0,0
6006,1,1,0,1
1988,1,0,0,1
63,0,4,1,5
221,0,4,7,0
1428,0,1,0,2
3208,0,4,0,0
5697,0,1,0,1
7021,0,0,2,2
5760,0,1,0,2
6528,0,5,2,0
2299,0,1,0,3
5954,0,2,0,0
6989,0,2,1,0
2950,0,1,0,3
7435,0,2,1,3
3684,0,3,0,2
4554,0,1,0,0
7571,0,2,2,6
2157,0,2,0,1
369,5,1,1,5
5274,0,1,3,3
7971,0,5,5,3
6704,0,1,0,0
1414,2,3,2,1
5821,2,3,4,3
2168,0,2,0,5
2206,0,1,1,1
6668,0,2,0,4
3627,0,5,1,0
3025,0,2,0,2
3149,0,0,0,4
3803,0,2,1,0
7876,0,1,0,3
7384,0,2,0,2
6164,0,1,1,1
2759,0,2,1,0
2304,0,1,0,3
4578,0,2,0,4
855,0,2,4,6
1933,2,4,1,4
1367,1,2,0,1
4588,0,4,0,0
7241,0,2,0,1
2504,0,3,1,1
7109,0,2,2,6
6765,1,0,3,1
7916,0,0,4,2
1741,6,0,1,1
2949,0,1,0,4
954,0,2,2,2
2357,1,4,0,1
7310,0,0,0,0
7452,0,7,3,5
3129,0,3,0,4
1728,2,4,0,1
2552,0,0,0,1
6079,0,0,0,0
1212,5,3,1,1
126,0,2,0,1
484,2,2,2,2
394,3,4,2,1
4099,0,1,0,2
4562,0,5,1,0
3750,3,3,1,1
7331,0,4,1,6
733,0,2,1,2
6414,2,4,5,7
244,2,2,0,2
823,0,2,0,0
4248,0,0,2,0
207,0,1,0,1
2919,0,0,1,0
4961,0,1,1,0
4333,1,1,2,2
5769,2,3,3,0
6882,0,0,1,1
1723,6,6,2,0
2188,3,2,0,3
7896,0,1,3,5
1614,0,2,1,0
5722,0,5,1,2
2687,0,0,1,1
4349,2,0,0,4
6271,1,2,1,0
7253,0,3,3,4
2720,0,1,3,0
1509,4,1,4,1
5536,0,1,0,5
7628,0,2,1,1
2603,0,2,1,5
6937,0,1,0,4
5454,1,1,0,3
1196,6,3,7,1
971,1,1,2,2
5477,2,0,5,0
3126,0,0,1,7
1794,1,0,3,0
3051,0,2,1,10
1032,0,3,0,2
6251,1,1,0,2
1274,0,0,0,0
6430,1,5,4,2
6659,1,1,0,3
3678,0,4,0,0
141,8,2,10,2
212,5,3,10,0
3264,0,1,1,2
7115,0,9,4,2
5795,0,2,0,0
2929,0,1,1,1
1970,0,1,2,0
1591,6,3,0,1
640,3,3,2,2
1008,0,2,1,1
2700,0,4,1,5
4996,0,1,0,0
602,0,1,2,2
6994,0,2,2,0
3272,0,1,0,0
95,4,1,5,2
6685,0,3,3,0
6426,0,1,0,2
6508,0,3,2,1
404,4,1,4,2
2885,0,1,0,2
1473,0,2,0,3
6045,0,2,0,0
4872,0,0,1,1
1480,0,2,0,3
743,0,2,0,0
3050,0,0,1,2
420,0,2,5,0
2519,5,2,1,2
1397,4,3,0,4
6303,0,2,0,2
7663,1,5,4,1
1638,4,1,0,6
4900,1,1,0,5
5087,0,1,1,0
5606,0,1,4,0
7594,0,0,0,2
7049,0,3,2,5
567,0,2,1,1
2364,5,1,4,0
941,0,2,1,1
6721,0,5,4,0
6739,0,1,2,4
1420,0,1,0,3
3271,0,1,2,2
1233,0,4,0,2
4937,0,0,0,0
7062,1,1,3,0
4319,1,1,1,2
7349,0,2,3,0
3238,0,0,0,3
1772,3,1,1,2
1082,0,1,0,0
3115,0,5,4,15
157,0,1,2,0
697,4,3,7,2
2479,0,3,1,0
1533,1,2,0,1
6910,0,1,0,6
414,0,1,0,0
7544,0,1,2,1
2915,0,2,1,3
6491,0,0,0,1
6892,0,3,0,1
5323,1,1,0,2
3285,0,0,1,5
3967,1,0,2,0
2830,0,2,0,2
2414,0,0,0,1
3923,0,0,0,6
6400,0,0,0,2
7063,1,1,2,2
3515,0,1,0,0
2367,6,0,0,3
5020,0,1,0,0
119,7,8,7,5
7454,0,1,0,1
6945,0,1,1,2
947,0,1,0,4
2390,0,1,0,5
1226,0,1,0,0
2819,0,0,0,2
3150,0,4,0,1
270,0,1,0,1
5706,1,2,2,2
3181,0,0,0,2
5299,0,0,0,1
6679,0,1,0,2
6912,0,2,5,0
1569,5,1,5,1
371,4,5,0,2
2747,0,0,1,2
5215,1,0,0,2
1719,4,2,3,3
7545,0,1,2,3
1492,4,0,0,1
4779,0,0,0,2
3201,0,0,0,5
2091,0,1,0,7
5612,0,2,1,0
6490,0,0,0,0
5883,0,0,0,1
2928,0,0,0,0
7639,0,1,0,0
3029,0,1,1,3
7207,0,3,1,0
2803,1,2,0,3
6224,1,2,2,2
5526,1,1,0,0
2487,0,1,0,1
6807,1,1,0,0
6564,2,1,1,2
1312,0,4,0,1
7034,0,0,1,1
4486,0,2,0,0
1703,0,3,0,1
1592,4,5,1,1
258,1,2,1,2
7651,0,5,3,0
1410,2,0,0,0
1756,0,1,0,2
3435,0,6,1,1
1317,0,1,1,3
5171,0,10,4,12
3137,0,1,2,1
5139,0,1,0,7
4183,0,1,0,1
7357,0,3,0,0
2029,0,6,1,3
5263,0,2,0,0
5106,0,6,2,7
614,0,7,2,4
4819,1,1,1,1
6376,1,3,0,1
4570,1,1,0,2
2092,0,1,0,1
2086,2,3,4,5
2343,2,7,0,4
3479,0,5,0,2
7625,0,4,0,2
3691,0,2,4,0
7494,0,4,0,2
2619,1,1,1,3
486,4,1,3,1
113,0,3,0,1
2366,5,2,0,4
6461,0,0,3,0
146,10,1,11,0
1260,0,1,0,0
4628,0,2,1,4
6956,1,2,1,3
4309,3,4,0,0
7061,0,2,2,3
5655,0,1,0,2
2215,0,2,3,4
1642,1,3,1,1
4288,1,2,0,6
6975,0,1,0,4
6670,0,0,0,2
5099,2,3,5,3
5005,0,1,0,0
1927,0,4,1,2
3236,0,2,1,6
6433,0,1,4,1
1546,3,4,0,1
1548,1,2,8,4
767,0,3,2,1
5045,0,1,0,0
7164,0,2,0,0
6814,0,1,0,0
1601,0,3,0,1
5579,0,0,2,1
108,0,3,0,0
1089,0,1,0,0
287,0,1,0,0
7499,0,3,4,0
1704,1,2,1,2
3749,0,2,1,1
386,4,4,0,4
3393,0,2,3,5
5142,0,2,3,8
6744,0,3,0,4
3802,0,3,2,3
1214,5,2,1,0
1087,0,1,0,0
6970,0,1,2,3
6525,4,5,3,4
1650,0,0,0,2
1806,5,1,0,4
4428,1,0,0,1
12,0,0,0,1
4944,0,3,2,3
7297,0,2,0,3
6800,0,1,2,0
1045,1,3,0,1
6611,0,4,0,2
883,4,5,3,1
2201,2,2,2,11
963,0,1,0,2
6370,0,2,0,1
5962,1,5,1,6
7037,1,0,0,1
7514,0,2,0,1
593,0,0,2,2
6624,1,0,8,13
7187,0,0,1,0
6025,0,1,1,3
359,0,2,4,3
726,3,2,3,2
3997,2,0,0,2
3162,0,1,0,1
6425,0,2,0,0
5957,0,0,0,3
263,0,5,0,0
6486,0,3,0,0
340,0,1,5,1
5686,1,2,2,0
5051,0,1,0,4
4410,0,1,0,0
92,7,6,8,7
32,0,2,0,3
1744,5,2,0,3
4660,0,1,0,6
5412,1,1,0,0
1271,0,1,0,0
5647,0,2,0,1
6955,1,2,3,3
5714,0,2,0,0
839,0,7,5,0
5715,0,0,0,4
3979,0,1,0,3
6923,0,0,0,0
4227,0,2,0,0
2484,0,2,0,1
2946,0,1,1,3
6277,0,5,0,0
2408,0,1,0,1
5133,0,1,0,1
3395,0,2,1,1
3075,0,1,0,3
4914,1,3,0,3
1257,0,2,0,0
17,0,2,0,0
7257,0,3,2,2
497,0,2,1,0
886,0,1,0,0
2693,1,1,0,0
7632,0,1,2,3
670,0,1,0,4
6751,0,0,0,1
1065,0,2,0,1
3605,0,1,1,2
6207,0,3,4,1
3842,1,4,0,1
3392,0,4,2,6
3560,0,3,0,1
1805,4,2,0,3
1175,3,2,4,3
948,1,3,1,4
545,0,8,0,0
810,0,8,1,3
434,1,3,3,1
825,0,0,1,0
6488,0,2,3,0
2647,1,1,1,2
7622,0,3,0,3
1629,4,2,1,6
2645,1,2,0,2
2251,4,1,0,5
1419,0,2,0,3
7135,0,1,2,3
5820,0,2,5,4
4079,1,2,0,4
298,0,2,1,4
2042,1,1,0,2
1549,1,6,1,3
2573,0,1,1,3
6437,0,2,3,0
2405,0,2,0,1
5223,1,2,0,4
2582,0,3,0,2
5894,0,3,0,4
2022,0,1,0,2
1532,0,1,3,0
4474,0,2,0,0
1737,0,2,0,2
1066,0,2,0,1
2930,0,1,1,4
7793,0,1,0,1
539,0,1,3,3
1324,0,1,1,1
6563,0,2,0,3
4254,0,0,0,0
3511,1,0,2,1
5213,0,1,0,0
7050,0,1,0,5
1019,0,2,1,4
317,5,3,5,6
2135,0,2,2,2
3365,0,0,1,10
329,3,0,4,1
2156,0,1,3,3
5442,0,1,0,0
2749,0,1,2,3
5293,0,0,0,0
2397,1,6,1,4
6170,0,6,0,0
205,0,1,0,1
1181,5,3,4,1
5373,0,1,0,3
1073,4,1,1,1
2876,0,2,0,1
2951,0,1,0,3
5464,1,0,0,0
2071,1,0,0,3
4942,0,1,2,5
3631,0,2,1,1
347,1,0,0,1
3140,0,1,4,1
681,0,6,1,0
2595,0,4,0,1
2867,0,4,0,0
2224,0,1,0,4
4052,0,2,2,1
502,0,1,2,4
1677,4,4,0,1
5089,0,0,0,4
6648,0,1,0,0
4600,1,1,0,4
387,0,4,4,3
4957,2,1,3,7
5228,0,0,3,3
6298,0,0,1,1
586,2,5,0,4
1666,0,0,1,0
3760,0,4,2,1
2760,0,3,1,0
748,0,1,4,0
5584,0,2,0,0
542,0,3,1,0
2257,3,1,3,7
2303,0,1,0,3
2644,1,1,1,3
7305,0,4,0,6
48,0,1,1,6
6057,0,1,2,2
7211,0,0,0,2
5884,0,2,0,2
7378,0,2,0,0
3632,0,3,2,2
1802,7,2,1,2
6198,0,2,0,5
6644,0,2,0,1
1895,1,0,1,2
5472,0,0,0,1
1959,3,12,2,12
1297,0,2,1,6
7469,0,5,0,8
4941,0,1,1,0
1939,1,3,3,3
1101,0,1,0,0
2649,1,1,1,2
5971,0,1,0,2
1816,0,1,0,0
7264,0,5,2,0
4274,1,2,0,0
5672,1,5,1,3
498,0,1,1,0
2834,0,1,1,0
6862,0,3,0,4
1228,0,1,0,0
3957,0,2,1,5
1137,0,2,1,2
2781,0,6,2,7
5812,0,1,0,3
3328,0,0,0,3
111,0,3,0,2
2434,0,1,0,2
4733,1,2,1,2
671,0,0,0,2
398,5,2,2,3
3069,2,3,2,2
6168,0,0,0,3
563,0,1,0,0
5893,1,1,0,5
3585,0,1,0,1
5235,0,0,0,3
2016,4,2,5,1
5636,0,0,3,0
6983,0,1,0,2
2438,0,8,6,0
7247,0,2,0,2
7088,0,2,0,3
2276,0,1,2,2
7770,0,1,1,2
4534,0,0,0,1
7355,0,3,0,2
6042,0,4,0,1
6469,0,0,0,3
534,0,4,6,5
1857,0,0,0,4
5524,0,2,0,0
6046,0,1,1,4
1986,0,2,0,0
6361,0,2,0,1
3319,0,2,5,6
5939,1,1,1,2
2560,0,0,1,3
6153,1,4,2,3
3687,0,1,1,1
3680,1,2,1,0
1698,0,3,1,3
3362,0,2,2,7
6530,0,0,0,2
4715,0,2,3,2
2401,0,0,5,0
3292,0,3,1,2
2242,5,5,1,3
7112,0,1,3,5
1558,0,4,2,2
5597,0,2,0,0
4071,0,1,0,3
102,0,2,1,1
1150,4,3,1,1
406,5,3,7,3
6272,0,2,1,3
830,0,4,2,3
7005,0,3,2,0
3080,0,0,0,7
164,0,1,0,0
6296,0,0,1,0
6795,0,3,1,9
1540,1,3,6,4
1071,4,2,1,1
738,0,2,0,4
6497,0,0,0,2
3083,0,2,3,10
5232,0,4,1,7
3381,0,0,0,10
6535,0,2,0,3
1709,0,1,1,2
3941,0,0,0,0
1593,0,1,1,2
4379,0,2,3,0
1968,0,2,0,3
3766,0,3,0,2
5430,0,2,0,1
7986,0,5,3,6
302,0,1,1,2
991,1,3,0,1
3034,0,2,0,0
6897,0,2,0,4
5091,0,3,0,2
276,0,2,1,8
5121,0,2,0,0
5469,0,1,0,0
894,0,3,2,1
4518,1,1,0,2
6925,0,0,0,0
4097,0,2,0,0
1507,1,1,0,2
1006,0,2,0,0
6055,0,3,0,2
7640,1,3,2,2
4193,1,1,0,1
4952,0,2,0,0
4153,0,1,0,0
5972,0,0,0,3
5808,1,1,0,0
1846,0,0,0,1
725,5,5,6,1
3121,0,0,1,1
6440,3,1,1,1
6134,2,2,3,10
3728,1,1,4,2
3711,1,1,2,3
7277,0,5,2,2
6957,1,2,3,2
2874,0,3,0,0
2689,1,1,0,0
2208,0,2,1,1
1611,1,6,3,7
3933,1,1,0,2
862,0,2,0,0
1830,1,4,4,7
3797,1,2,5,1
1859,0,0,0,0
7468,0,3,0,0
5771,0,0,1,2
193,0,2,0,2
1557,4,3,0,1
7039,0,2,2,0
4789,0,1,0,4
1619,4,2,2,2
2771,0,1,1,0
7787,0,2,0,3
3277,0,1,2,5
131,0,2,0,0
1343,3,2,0,2
4750,0,1,0,1
7177,1,2,5,0
1331,5,3,0,1
4365,0,2,0,4
6396,0,6,1,7
6355,0,1,0,1
3577,0,1,0,1
6447,0,2,0,3
1572,0,1,4,2
4998,1,3,1,0
1899,1,1,1,2
6307,0,2,2,0
6587,1,1,0,2
2707,0,1,1,5
6176,0,2,0,1
7807,1,4,6,7
4710,0,2,0,0
40,0,1,1,9
2024,0,2,0,1
2372,1,2,1,2
5571,0,2,1,3
565,0,3,3,1
5523,0,0,0,2
7785,0,2,2,3
4303,3,1,0,0
2872,0,2,0,2
2537,0,2,2,3
4805,1,2,0,1
1715,2,3,1,0
2114,1,1,1,1
7082,1,1,4,4
279,0,1,0,0
267,0,0,1,0
2931,0,1,0,0
384,0,4,1,0
4355,0,1,2,0
634,4,3,4,2
6608,0,2,0,0
5357,0,1,1,0
2179,1,1,3,5
2400,0,2,2,2
514,0,1,5,0
3270,0,1,1,1
300,0,4,0,1
2660,0,2,0,0
3274,0,1,2,7
337,2,7,2,1
7664,0,3,1,0
7002,0,2,0,1
1216,0,1,0,0
713,5,9,0,3
2437,0,1,0,3
3905,1,0,1,1
1152,4,1,0,0
251,1,1,0,1
3306,0,1,0,4
6499,0,2,0,0
2882,0,2,0,1
1882,3,0,1,2
7410,0,2,0,2
3792,1,3,0,1
5175,0,2,0,4
2285,0,3,0,2
7665,0,3,2,3
2539,0,3,0,1
5322,1,3,2,3
7498,0,0,2,1
1147,0,2,0,0
4143,0,0,0,0
1893,3,3,4,0
1243,0,1,0,2
1950,3,0,4,1
2828,0,2,0,2
6471,0,1,0,4
863,0,1,0,0
7719,0,0,0,1
1724,0,2,1,3
2517,4,1,1,4
6554,1,3,0,1
6220,0,4,1,8
1783,3,4,0,5
190,0,3,5,7
6750,0,1,0,4
274,0,2,3,7
1795,0,5,2,3
5746,1,1,0,4
1142,0,2,0,1
5708,2,4,2,3
4976,0,0,2,2
6778,0,2,0,2
7267,0,3,2,1
7140,0,1,0,2
7302,0,1,1,4
1714,1,1,5,1
7857,0,6,0,6
128,0,3,1,0
986,0,3,1,0
122,0,1,1,0
2968,0,1,1,3
1351,0,0,0,0
6218,0,5,5,10
5988,0,0,0,0
3180,0,0,0,3
3503,0,2,0,0
7920,0,1,3,3
2881,0,0,0,0
7870,0,1,1,6
44,0,5,1,2
727,3,6,3,2
5869,0,1,2,0
3989,1,3,2,0
7023,0,2,1,4
4392,0,1,0,0
554,0,1,0,0
7285,0,3,1,1
6449,0,1,1,5
3024,0,2,1,3
778,0,3,1,1
87,6,4,11,9
6102,0,2,1,0
999,0,5,1,2
872,4,3,6,1
6946,1,1,3,3
6803,1,1,6,0
5266,0,0,0,1
2880,0,3,2,0
421,0,7,0,6
118,11,2,10,0
1745,0,2,5,2
327,4,4,5,1
5073,0,0,0,0
7010,0,4,1,4
53,2,7,2,1
5389,0,1,0,0
6369,0,1,1,2
5261,0,1,3,0
856,1,5,3,2
5922,0,0,2,1
3084,0,3,2,11
5877,0,3,0,3
3642,0,1,0,0
3262,0,1,0,3
506,0,5,1,4
1612,0,2,2,2
3523,0,1,4,4
2038,0,3,2,2
6342,0,1,0,0
6462,0,3,0,1
615,0,3,3,3
3135,0,0,2,0
2381,1,2,1,2
5574,0,1,2,1
3266,0,1,1,0
6242,1,1,1,0
7125,0,1,0,4
2625,1,5,1,6
6652,0,1,0,0
2658,0,2,2,1
1134,0,4,1,1
3692,0,1,2,1
3389,0,1,1,9
2365,4,2,1,2
56,4,9,2,2
5244,0,1,2,0
5615,0,2,0,0
5661,0,1,0,1
352,0,2,1,2
3783,1,1,1,0
2154,1,1,3,0
7224,1,0,1,1
1364,4,4,1,4
6808,1,3,0,1
7388,0,3,1,1
6075,1,2,0,1
3876,0,3,1,1
845,0,1,5,0
926,0,1,0,0
5752,0,0,1,2
5685,0,2,0,0
2566,6,2,0,4
529,0,1,1,3
806,0,2,1,0
1241,0,1,0,1
2147,0,0,3,5
1047,1,1,1,1
202,0,1,0,0
7783,0,4,1,1
3785,1,1,5,2
2088,0,3,2,0
5829,0,1,1,0
853,2,4,0,0
2802,0,3,0,2
461,0,2,1,4
1057,0,4,0,3
5256,0,2,0,1
3218,0,3,0,5
166,0,1,0,2
3311,0,1,1,1
3369,0,0,0,10
7466,0,2,0,2
5845,0,0,2,1
1585,6,0,1,1
730,0,1,0,3
1202,0,5,4,3
7278,0,0,0,7
2685,1,2,2,2
7133,0,3,1,4
5067,2,1,2,1
4498,2,1,0,0
7365,0,2,0,1
1990,0,1,0,1
4833,0,1,1,1
927,0,1,0,0
3125,0,1,2,13
4231,0,2,0,0
581,0,2,3,0
5798,0,0,0,3
6003,0,3,0,1
426,0,5,0,3
7552,0,1,0,4
5069,0,1,0,1
551,0,1,1,0
5717,1,2,3,6
1489,1,2,0,1
846,2,1,0,4
3194,0,12,9,6
798,0,1,0,0
6098,0,0,0,4
3805,1,1,1,3
6829,0,8,1,6
7432,0,4,0,6
7338,0,1,2,5
3505,0,2,1,0
187,0,2,2,2
7165,0,1,0,2
852,1,2,1,0
3359,0,1,0,6
5246,0,0,2,1
3776,0,6,1,2
2513,3,1,0,4
2809,0,1,0,7
4482,0,1,0,0
6253,1,2,0,0
6388,0,0,0,0
262,0,4,1,1
1807,6,0,0,5
6909,0,0,1,1
956,1,5,0,4
6036,0,1,1,0
3112,0,0,0,0
5641,0,1,0,0
3340,0,1,0,3
881,1,8,1,2
2812,0,2,0,1
4947,1,2,3,1
6651,0,3,1,0
7296,0,4,1,4
6441,0,1,2,1
966,0,1,0,1
977,1,1,0,2
3113,0,0,0,0
7837,0,4,6,2
6865,0,0,0,0
105,0,3,0,2
1292,4,2,0,2
3040,0,1,1,3
7315,0,2,0,0
64,0,6,0,1
2427,0,2,2,2
2899,0,1,1,2
163,0,2,0,2
1648,0,1,3,3
5599,0,0,1,1
5446,0,3,4,13
4993,2,1,0,3
2250,3,1,0,3
7079,0,2,0,1
436,0,1,0,5
1568,4,2,4,1
7367,0,4,1,2
2611,0,1,0,0
4567,0,1,2,0
7308,2,1,0,5
3258,0,1,0,4
7105,1,4,3,2
2586,0,1,0,0
6495,0,2,1,0
6895,0,0,0,4
5885,0,2,0,2
3282,0,0,5,5
737,0,3,0,1
7456,0,3,1,1
596,0,1,1,5
7375,0,2,0,2
6074,0,2,0,2
4904,0,0,0,0
2911,1,4,1,8
6008,1,1,0,0
3409,0,1,0,10
4678,0,1,1,2
4747,3,5,2,2
6115,1,2,2,0
4693,1,1,0,0
1964,0,1,0,1
2308,0,4,1,8
5629,0,2,1,2
3071,1,2,2,2
1831,3,4,4,4
6899,0,3,4,0
7084,1,1,0,0
5495,0,1,0,5
7369,0,3,0,2
2409,0,1,0,0
7844,0,4,2,5
2010,1,1,0,0
6974,0,2,1,1
7741,0,4,3,3
5409,0,2,3,1
3355,0,0,7,8
2903,0,0,1,3
5197,0,1,1,3
7445,1,1,3,1
4454,1,0,0,0
7968,0,3,3,0
151,4,4,4,3
4550,0,1,1,4
3248,0,1,0,5
1195,6,6,3,2
3001,0,2,1,14
1368,1,0,0,2
820,0,3,1,1
4852,1,1,0,2
6039,0,2,0,4
1029,0,6,1,0
650,3,1,0,2
3949,1,1,0,2
1749,0,2,1,0
4490,0,1,0,1
6071,0,0,1,2
5117,1,1,1,0
2507,0,0,0,2
4494,1,2,0,0
2458,1,1,1,3
4056,1,2,0,4
3200,0,2,3,3
5594,0,0,1,1
144,6,3,6,1
2635,4,3,1,4
283,0,0,1,1
5573,0,1,0,1
1478,1,0,0,1
1486,3,3,0,0
3038,0,4,0,2
6874,0,0,1,2
1009,0,2,1,0
6902,0,0,0,5
7238,0,3,1,4
3701,0,1,4,4
249,0,1,0,0
4205,0,1,0,3
264,0,3,4,9
1888,1,1,2,1
4997,0,2,0,0
6824,0,0,0,0
3177,0,0,0,3
2160,0,0,0,0
566,0,1,1,1
5680,1,2,0,5
6993,0,2,0,0
1982,0,1,2,2
3360,0,0,0,0
751,0,2,2,2
5371,0,0,0,2
2627,0,1,2,4
2439,0,5,0,3
7069,0,0,1,1
976,2,3,1,0
7350,0,2,0,1
1631,5,1,2,5
6572,1,3,1,7
6557,0,1,0,2
1427,2,1,1,0
7185,0,1,0,3
2268,0,2,0,2
5497,0,1,1,5
42,0,2,0,0
540,0,3,0,5
746,0,1,1,3
5605,0,0,0,1
7834,0,1,0,2
5694,0,2,2,5
6336,0,2,0,1
3281,0,2,2,6
16,0,1,0,1
5312,0,1,2,2
3679,0,5,0,2
2578,0,2,1,3
6764,1,2,3,5
3839,0,2,2,4
2452,0,1,1,0
5300,0,1,0,0
3491,0,2,2,1
2875,0,1,0,1
94,5,5,6,8
7070,0,0,0,4
3470,0,4,0,3
5689,0,3,1,4
4565,0,1,1,0
2475,0,3,0,2
3333,1,6,1,6
3035,0,1,0,3
3903,0,1,0,2
4311,2,2,0,1
3175,0,1,1,0
7122,0,2,1,4
6674,1,1,3,2
6863,0,4,1,9
7361,0,2,0,2
6745,0,2,1,6
6602,0,2,2,0
3615,0,2,2,1
5037,1,1,1,1
887,0,1,0,0
1731,3,1,0,2
703,0,1,0,0
4286,1,3,0,3
3022,0,1,4,0
6339,0,1,0,1
2184,3,1,4,1
7460,0,2,0,2
781,0,4,0,1
7806,0,1,2,1
674,0,1,0,0
779,0,7,1,1
5199,0,0,0,4
2125,1,0,1,1
1248,0,1,0,0
13,0,1,1,0
2282,0,3,5,4
910,0,2,0,9
7447,1,2,4,4
6614,0,3,2,0
2369,5,2,0,2
6183,0,1,0,2
828,0,1,2,2
6231,0,5,1,3
1002,0,0,0,1
1930,3,1,2,7
795,0,1,0,0
2838,2,3,1,7
2124,1,0,1,2
6052,0,3,0,0
967,0,2,0,1
2527,5,2,3,3
7368,0,2,1,1
6656,0,1,0,1
1553,4,2,0,1
4890,1,4,3,1
7282,0,2,3,4
6690,0,1,0,2
1996,1,2,1,1
4011,0,0,0,2
2779,0,0,0,2
4809,1,1,0,2
7798,0,3,0,1
1694,4,2,0,6
5718,0,5,1,3
6857,0,1,2,0
438,0,2,2,0
3453,0,0,0,0
7827,0,2,0,2
4639,1,3,1,0
6826,0,0,2,8
3896,1,1,2,3
6539,0,4,1,1
1954,4,1,0,1
1096,0,0,0,0
348,0,1,0,0
7199,0,1,1,3
2270,0,1,0,1
2724,0,0,0,0
528,4,1,4,1
6713,0,3,3,1
5145,2,2,1,6
7206,0,2,2,3
6053,0,0,0,0
6885,0,2,0,0
2739,0,2,0,0
3645,0,1,0,2
3397,0,0,0,4
550,0,0,0,1
2744,0,2,1,2
1659,0,2,2,1
5794,0,0,3,12
6748,0,1,0,3
2982,0,9,3,1
7654,0,1,0,1
6171,0,1,0,1
4369,0,1,0,4
884,0,1,0,0
5662,0,3,0,3
3026,0,2,0,3
2006,4,1,0,2
6084,0,1,0,0
2447,0,1,1,1
4712,0,2,2,4
7408,0,0,2,2
1344,1,1,0,4
2901,0,0,0,4
3788,1,2,0,0
1109,0,1,0,0
560,0,1,0,1
189,0,3,0,5
6099,0,2,1,1
1341,6,0,0,8
5663,0,3,0,3
3734,1,2,3,2
2416,0,2,0,2
5333,2,1,0,0
297,0,0,1,3
319,4,5,5,1
639,3,6,1,0
1448,0,3,0,2
28,0,2,2,2
7491,0,3,0,5
4199,1,1,2,0
6335,0,1,0,2
5755,1,2,1,2
3874,0,1,1,1
7790,0,3,1,1
4161,0,1,1,2
2134,0,1,1,1
4870,0,1,1,0
385,0,4,0,1
732,0,1,3,1
4868,0,1,0,1
1021,0,3,3,5
6044,0,1,1,0
2655,0,3,0,0
6128,0,4,0,0
2255,3,0,1,1
7568,0,1,0,1
5227,0,1,2,0
6350,0,1,4,0
2213,0,1,0,0
2316,0,1,0,4
1357,3,1,0,2
2667,1,2,1,0
5983,0,1,0,0
6645,0,2,0,2
3915,1,1,0,0
1466,1,1,2,1
4500,1,1,0,1
6204,0,1,0,1
7440,1,6,2,6
3227,0,1,0,3
5307,0,1,1,1
3165,0,0,0,0
7159,0,2,2,1
6348,0,1,0,3
1041,0,4,1,1
3613,0,1,1,0
6165,0,2,3,0
6428,0,0,0,2
5407,0,1,4,1
3658,1,1,2,2
47,0,1,0,1
224,0,3,1,4
3174,0,1,0,0
1920,0,1,1,0
5698,1,2,1,0
664,0,4,0,0
874,4,3,4,0
4299,2,2,1,1
7290,0,3,3,1
3058,0,1,0,0
4704,0,1,4,4
7515,0,2,0,1
3398,0,5,5,7
1865,0,1,1,4
595,0,1,1,2
2661,1,1,4,2
2295,0,2,0,1
763,0,2,2,0
3214,0,8,2,9
7271,0,3,2,2
7587,0,3,0,4
3131,0,1,0,1
5125,0,1,0,0
4031,1,4,2,0
7102,0,1,1,2
3716,1,1,3,3
1730,4,3,1,4
4272,1,0,0,2
4145,0,2,0,0
1668,3,0,0,2
7810,2,6,1,5
2549,0,3,3,5
45,0,4,0,3
4857,2,9,2,9
5692,1,3,2,1
1543,3,1,0,5
2200,5,4,0,2
7459,0,3,0,3
7925,0,2,1,1
1843,0,0,0,0
7769,0,2,0,4
2420,0,2,0,1
84,7,3,6,3
1282,3,1,0,0
7616,0,1,0,1
6598,0,5,3,0
3882,0,1,0,1
1129,0,2,0,0
1606,2,7,0,0
6373,0,3,1,2
103,0,3,0,3
6043,0,3,0,1
5476,1,1,1,4
5241,1,1,0,0
5444,0,0,3,0
7936,0,8,3,1
3768,2,2,1,0
7650,0,4,0,1
1276,0,1,0,0
1827,0,1,0,1
375,1,1,0,2
968,0,2,1,0
6121,0,2,2,5
1072,1,2,0,2
3635,0,2,0,0
322,3,3,3,1
2098,0,1,1,1
3148,0,0,0,0
907,0,7,0,0
906,0,1,0,1
3394,0,4,4,11
2283,0,6,2,2
6853,0,1,5,2
3438,0,2,1,2
5534,0,1,0,2
2044,0,1,0,1
7073,0,1,2,0
3626,0,5,0,0
452,0,3,3,2
2952,0,0,0,4
6712,0,2,1,3
729,1,1,2,1
7239,0,4,4,5
5732,1,1,0,0
2312,0,2,3,5
1389,2,3,1,0
2601,0,1,0,1
2556,0,2,0,0
5711,0,1,2,5
3182,0,0,0,3
1817,1,3,0,1
2616,1,1,0,2
4170,0,1,3,3
3190,0,0,0,3
6821,0,1,0,2
4047,0,0,0,0
4301,1,3,1,1
6911,0,0,0,1
194,4,3,5,4
7429,0,3,1,5
7557,0,2,0,2
1513,3,2,3,2
1607,2,5,0,0
2358,5,6,1,2
132,0,3,1,8
760,0,2,2,4
2237,0,1,0,0
277,0,1,0,0
547,0,4,0,1
6947,1,1,4,2
2123,3,0,1,0
6024,1,2,2,8
19,0,1,0,1
1503,4,0,0,4
3693,0,1,1,1
5575,0,1,0,0
5788,1,0,2,1
6230,1,1,1,2
1664,0,1,0,0
215,0,3,0,3
4538,0,1,0,3
7585,0,0,2,4
6715,0,2,1,2
1555,4,6,3,1
6736,0,2,0,3
6310,0,2,0,0
6784,0,1,1,3
2932,0,0,0,0
794,0,1,0,0
1192,0,1,0,0
4127,0,3,0,2
2948,0,0,0,4
6767,1,1,2,0
4956,3,5,10,8
3235,0,1,0,5
6215,2,2,2,10
3146,0,1,1,7
821,0,1,1,0
2183,4,0,1,3
127,0,2,0,1
99,0,1,0,1
2947,0,2,0,3
1416,2,1,3,0
5247,0,1,0,1
7197,1,1,3,1
4799,0,1,0,0
6072,0,0,0,1
3426,1,2,0,3
7918,0,0,1,1
6142,0,3,3,0
6132,1,1,0,1
4642,0,3,0,0
5610,0,1,2,6
6191,0,2,0,0
6340,0,0,0,1
4967,0,0,0,0
1917,0,1,1,3
362,0,1,2,5
761,0,4,0,3
2461,1,0,3,5
6479,0,0,0,1
7252,0,3,2,3
433,0,1,1,0
250,1,1,1,1
1296,1,2,3,9
299,0,1,7,2
7832,0,3,0,6
2344,2,3,1,3
7441,0,4,2,6
4359,1,4,4,2
3297,0,2,6,6
5911,3,3,1,5
1834,1,4,2,4
1932,2,10,1,2
3815,0,2,1,2
6556,0,2,3,8
7984,0,5,15,10
1371,0,1,0,1
5358,0,3,0,5
1947,2,1,1,2
2992,1,2,0,2
6473,0,3,1,8
3221,0,1,4,3
3796,2,2,3,1
2954,0,3,0,2
4292,0,2,0,0
1403,3,5,0,0
2697,1,2,0,1
3471,0,4,0,1
2790,0,1,0,2
6439,0,0,1,4
2328,0,1,0,0
4626,0,2,1,3
5582,0,3,3,0
1270,0,1,0,0
4430,0,1,0,5
1189,0,1,0,0
3694,0,1,0,4
1482,0,5,3,6
7221,0,3,1,0
7275,0,4,3,2
1554,4,0,0,0
7145,0,0,0,2
3276,0,1,3,7
439,0,3,2,1
3304,0,2,0,2
6684,0,2,3,0
3081,0,1,2,8
6245,1,1,1,0
624,0,3,0,1
7409,0,2,0,2
7407,0,2,0,2
4849,0,3,0,2
5578,0,1,0,0
6688,0,1,0,0
428,0,7,0,2
7317,0,2,1,1
170,0,2,0,3
1167,0,3,4,1
6782,1,1,2,5
81,0,2,1,0
6246,1,0,1,0
985,2,3,3,1
2100,0,2,0,3
1787,0,1,0,2
284,0,0,0,1
1940,2,0,1,2
6580,0,1,0,3
2953,0,1,1,3
6886,0,2,0,4
1686,2,5,11,6
2473,0,2,2,2
642,5,8,3,2
199,4,8,10,6
7874,0,2,1,5
2164,0,3,0,0
6655,0,2,3,0
1476,4,1,0,1
936,0,1,0,0
7081,1,1,0,0
1245,0,1,0,0
1094,0,1,0,0
970,0,1,0,2
253,0,1,0,1
2821,0,2,0,4
1885,0,1,2,1
458,0,1,0,0
307,0,1,0,4
3675,0,0,1,5
7510,0,3,0,4
5308,0,1,2,1
7262,0,2,4,0
3280,0,2,1,8
1043,2,1,0,1
1624,4,1,0,4
654,5,4,1,2
5473,0,0,0,0
851,2,2,1,3
1842,4,1,3,4
339,1,2,1,9
6502,0,2,1,0
7201,0,3,2,0
5958,1,5,0,4
1281,3,2,0,0
1522,4,4,1,2
341,1,1,0,0
630,7,1,3,1
4721,0,2,0,0
4472,0,0,0,1
3947,0,1,2,0
3230,0,0,2,8
4759,0,0,0,0
5325,1,1,1,5
7205,1,2,1,2
1493,4,4,0,0
2227,1,2,2,4
7431,0,2,0,5
5748,0,1,0,2
1459,4,5,0,1
6248,1,0,1,0
2209,0,1,0,0
2143,0,3,2,3
2287,0,3,2,2
2198,3,2,3,3
2,2,1,0,6
7611,0,3,0,2
2060,0,1,0,3
7964,2,6,6,3
3377,0,2,7,8
3378,0,2,1,3
2449,0,2,2,0
5331,0,0,4,1
7808,1,2,3,4
7821,0,3,3,4
6581,0,1,0,0
3771,1,1,0,0
5288,1,0,3,3
5434,0,2,0,0
2782,0,5,1,13
6451,0,2,0,1
7362,0,2,0,1
2269,0,1,0,2
7898,0,2,1,2
6589,2,2,0,0
870,0,1,0,0
7839,0,2,2,0
7108,0,2,2,3
5123,0,1,2,0
3550,0,1,0,0
902,3,5,4,1
1944,5,2,5,1
1997,0,2,4,1
7660,0,1,0,2
3082,0,2,0,10
5484,0,0,2,3
470,2,2,3,3
2943,0,1,0,0
1055,0,1,0,1
3831,0,6,6,9
880,1,4,1,2
641,3,5,0,2
6149,0,2,4,1
1119,0,0,2,3
3654,0,1,1,3
2651,1,5,0,4
2272,0,1,0,2
5852,0,0,2,1
2404,0,1,2,0
6802,0,1,0,0
2310,0,1,2,4
869,0,1,0,0
4823,0,1,0,1
6661,0,0,0,1
1916,1,1,1,0
3951,1,2,0,3
7074,0,1,2,1
2040,0,4,5,4
2844,0,1,0,0
162,1,3,0,1
197,7,6,10,1
7420,0,6,1,1
653,5,4,1,1
2863,0,4,1,0
7038,0,2,1,1
6948,1,1,3,1
4514,1,2,0,1
2144,0,1,1,3
897,0,2,0,0
2606,0,2,0,1
316,1,1,3,1
2288,0,4,4,6
1286,4,1,0,1
2488,0,0,0,2
4958,3,6,6,8
5926,0,1,1,6
1204,0,6,2,7
1713,1,2,5,0
7121,0,2,0,3
6110,1,1,4,7
4296,2,2,0,2
1298,0,4,0,2
6282,1,4,1,1
1946,4,0,1,0
5181,0,3,1,2
4,3,6,0,5
574,0,2,0,1
1037,0,2,0,2
188,0,4,2,0
80,0,2,1,0
7472,0,3,0,2
4380,0,1,0,0
5669,0,1,5,3
3374,0,4,2,13
148,6,2,8,3
2419,0,2,0,0
7442,0,3,5,3
333,3,4,3,2
3219,1,0,5,0
4462,0,1,0,0
1924,1,1,2,0
6671,0,3,0,3
5985,1,3,1,3
6423,0,3,1,0
2736,0,4,0,1
2166,0,1,0,1
3356,0,0,5,0
7436,0,2,3,3
3913,0,1,0,4
6097,0,0,0,2
378,0,2,1,5
3269,0,1,0,5
5306,0,1,1,0
2177,5,3,1,3
4029,0,2,0,2
495,3,1,3,2
1327,0,2,0,1
6436,1,1,4,2
7617,0,2,0,2
14,0,1,0,0
3995,0,1,0,0
4404,0,1,0,3
4572,1,1,0,0
5780,0,1,1,0
1661,0,1,0,0
7668,0,2,1,13
4854,0,3,0,0
3634,0,4,3,0
4510,1,1,1,0
799,0,1,0,0
2551,0,1,0,1
6962,0,2,1,1
5851,0,2,0,0
6908,0,0,0,3
5935,1,6,1,5
2175,0,1,0,0
7884,1,1,4,6
1411,0,1,0,0
7014,0,4,0,3
3686,0,3,0,1
1691,2,6,4,4
7,0,2,0,0
7958,0,1,2,1
646,4,2,0,2
5989,0,2,0,4
123,0,4,0,1
7621,0,3,0,1
5744,2,3,2,4
7311,0,2,2,1
3373,0,4,3,1
5528,0,1,1,0
3485,0,4,2,0
357,0,2,1,1
5499,0,1,3,0
272,0,4,0,2
3047,0,1,1,4
6035,1,4,2,5
7493,0,3,0,3
2845,0,2,0,0
1589,0,3,8,1
2962,0,3,4,5
4540,1,1,0,4
4817,2,1,0,1
978,1,1,1,2
7559,0,0,2,3
6529,0,1,0,2
7774,0,1,1,2
482,0,3,0,1
5324,0,2,0,4
1969,0,4,2,5
463,3,3,3,1
645,6,5,0,2
7413,0,4,2,0
2133,0,1,3,6
3762,0,1,0,1
658,0,2,1,3
3212,0,1,1,2
3324,0,1,0,0
1278,0,0,0,0
3372,0,1,1,3
5143,1,0,0,2
7762,0,0,1,5
455,0,3,0,0
5762,1,2,0,0
1382,1,2,2,6
7339,0,1,3,2
3900,1,0,1,0
6474,0,0,0,1
702,0,2,0,0
7266,0,0,1,2
4504,1,1,0,1
5556,0,1,0,1
2572,0,3,5,7
4034,1,1,1,1
2090,0,1,2,6
3102,0,1,2,0
4412,1,1,0,2
2417,0,1,0,1
2355,1,1,1,3
7149,0,2,0,3
6061,0,2,0,3
7161,0,0,0,0
5576,0,3,2,0
6695,1,5,1,3
3868,0,1,2,1
6658,0,3,1,1
1413,0,4,0,2
4219,0,1,1,0
6838,2,3,1,0
1776,5,3,0,4
6988,0,2,0,2
7574,0,1,0,4
7294,0,1,1,5
6801,1,2,3,1
4748,3,3,0,2
7142,0,2,1,0
4027,1,2,0,0
7511,0,3,2,3
3638,0,1,0,1
5811,0,2,3,0
1536,3,2,3,4
531,0,5,1,1
7268,0,3,1,4
2987,0,1,0,4
2069,0,0,3,0
7959,2,3,1,5
6982,0,0,0,2
2266,1,1,6,1
4191,0,3,0,2
1177,4,9,5,2
1635,4,3,0,1
3350,0,1,3,5
1160,0,1,0,3
3436,0,4,0,2
4580,0,2,1,0
6626,0,1,0,1
268,0,2,0,3
1361,1,1,2,4
6420,0,2,0,1
3495,0,3,0,2
1934,0,6,2,2
2563,0,1,5,0
7167,0,1,0,2
7244,0,2,0,2
4195,0,1,1,5
6781,0,4,2,0
7360,0,1,0,2
603,0,3,4,0
1653,0,8,7,7
6990,0,2,1,1
137,10,2,12,6
1423,2,4,0,1
31,0,2,0,3
7392,0,1,0,1
6107,1,1,5,3
4696,0,0,0,1
3132,0,0,0,3
5302,0,0,1,0
5391,1,1,0,1
3196,0,1,0,3
1791,0,3,0,1
2077,1,1,0,0
7948,1,1,0,3
1168,0,3,2,3
2483,0,0,0,1
1253,0,1,0,0
7824,0,1,2,5
1483,0,1,0,1
1541,1,3,1,7
5738,0,1,1,0
6063,0,0,1,6
4037,0,0,1,1
6214,2,5,2,7
1434,3,1,0,2
4620,0,3,2,0
275,0,2,0,2
3055,0,2,0,4
719,5,3,3,4
54,0,7,2,3
3091,0,1,0,4
692,0,5,1,1
1748,0,2,2,2
3263,0,1,3,0
5970,1,0,2,2
2385,1,3,3,1
6105,0,1,0,0
3400,0,2,0,7
5596,0,2,9,9
5321,0,1,1,2
1570,4,1,1,2
6516,0,3,2,0
829,0,4,3,4
6458,2,0,4,12
308,6,5,4,3
448,0,1,3,1
330,3,2,3,2
544,0,3,1,3
4596,0,1,0,0
1171,0,2,0,0
2634,1,1,1,2
6212,0,4,2,6
2325,0,1,1,1
6555,0,1,1,2
575,0,1,2,1
7549,0,1,1,1
238,0,2,0,0
5343,1,0,0,4
2564,3,4,1,6
6498,0,2,4,0
7202,0,2,1,0
315,6,1,5,3
3778,0,4,1,4
7083,1,1,1,3
6716,0,3,0,3
492,4,1,6,1
7071,0,1,0,1
5313,0,0,0,1
6255,1,2,0,2
2808,0,0,0,1
7904,0,5,1,1
2807,0,1,0,1
6100,0,2,0,3
2963,0,2,2,6
3313,1,2,3,9
2130,0,1,2,2
913,0,2,0,2
6229,1,1,0,1
6259,0,3,3,3
2363,4,1,1,7
600,0,1,2,2
3799,0,5,2,3
3881,0,1,1,1
1273,0,1,0,0
5727,1,1,0,0
7045,0,1,2,0
5691,0,1,1,7
1193,4,2,1,1
6060,0,1,0,3
2187,3,2,2,2
4731,1,1,1,1
7476,0,1,1,1
1313,0,7,1,1
740,0,3,1,5
3178,0,0,3,0
3382,0,2,3,6
1766,5,0,1,4
1505,5,1,1,8
1358,4,1,0,2
3619,0,3,0,1
310,1,5,2,2
2772,0,2,1,0
879,5,4,5,0
7833,0,7,1,6
1375,3,1,0,3
7120,0,1,0,3
822,0,2,1,1
2970,0,1,3,0
7957,0,3,4,0
4408,0,1,0,2
303,0,1,0,2
1053,0,1,6,0
493,4,1,5,3
2540,0,0,0,0
6953,0,1,1,8
7885,0,2,0,2
5113,1,0,1,2
2239,0,4,1,2
4576,1,1,0,0
3120,0,0,0,1
7147,0,2,0,2
4568,0,1,0,1
1687,2,4,4,3
1517,4,2,2,1
6709,0,1,0,4
2391,3,7,8,6
1120,1,1,1,1
332,5,4,6,2
6306,0,2,0,5
7292,0,2,0,0
604,0,1,2,0
1655,0,3,1,2
2009,4,6,5,2
2900,0,1,0,1
7599,0,4,3,3
6263,1,4,3,3
4687,0,1,0,0
4873,0,0,0,0
6929,0,2,1,3
418,0,2,0,1
6552,1,1,0,3
735,0,1,0,5
6823,0,2,0,4
7869,0,3,1,9
2702,0,4,3,1
5959,1,3,0,0
5991,0,0,0,3
6065,0,1,0,0
3161,0,2,0,2
7411,0,1,1,1
895,0,3,1,0
3300,0,1,7,7
2109,0,2,0,1
5866,0,1,0,1
2335,1,2,0,2
2925,0,0,0,1
3245,0,3,3,8
568,0,2,0,3
3314,1,1,1,7
1874,5,2,1,1
549,0,1,0,1
4544,1,2,0,2
2811,0,2,0,4
4558,0,2,0,1
5565,1,1,0,0
6521,0,2,0,1
6051,0,2,0,0
7400,0,3,0,2
6402,0,0,0,5
813,0,2,0,0
831,0,2,1,2
6682,0,3,2,0
5179,0,1,0,1
638,5,7,3,2
945,0,2,0,2
2843,0,2,0,3
1377,5,1,0,5
6453,0,1,1,2
6810,0,1,1,3
598,0,3,2,3
1887,0,0,1,0
3060,0,2,0,2
7872,0,0,1,5
5956,0,2,0,4
1295,2,0,2,1
3323,1,2,0,0
5276,1,4,4,4
1515,4,3,0,1
2004,4,0,1,1
5294,0,1,1,1
1184,0,1,0,0
3973,0,2,0,3
7757,0,1,0,0
904,0,3,0,1
753,0,1,0,0
782,0,2,0,1
5314,0,1,0,1
2528,3,2,1,0
3388,0,2,2,10
2641,0,2,0,2
1937,0,3,0,0
2534,5,1,1,3
3044,0,2,1,3
7327,1,6,1,1
3612,0,2,1,1
5511,0,1,0,2
859,0,1,1,1
5480,0,0,0,0
5093,0,0,0,1
2873,0,1,1,0
7671,0,3,3,6
1207,2,3,2,2
4456,0,1,0,2
2776,0,0,1,1
694,0,2,1,0
1319,0,3,0,2
1153,4,2,0,1
6878,0,0,2,3
292,0,3,1,2
2103,0,0,0,1
466,5,2,3,3
5233,0,3,0,1
2323,0,1,0,1
1218,0,1,0,0
2084,7,2,0,2
4982,0,0,1,0
1435,3,2,3,1
7291,0,5,4,2
6757,0,2,0,3
23,0,3,0,9
228,8,4,10,7
2199,2,3,5,2
5491,0,1,0,1
6771,1,1,2,3
2813,0,3,0,2
6380,0,2,0,1
6359,0,3,3,1
3170,0,1,0,3
2079,1,1,2,4
6058,0,2,4,0
1114,0,1,0,0
3122,0,0,4,0
3999,0,0,0,2
1179,2,4,4,3
2795,0,2,0,0
5607,0,2,0,0
2593,1,1,0,1
890,2,2,0,2
3008,0,0,2,1
7485,0,1,0,3
4866,0,2,2,1
7534,0,2,1,0
483,2,1,3,4
824,0,1,4,0
1325,0,5,0,1
6537,0,4,2,0
2180,3,2,5,1
2116,0,1,1,3
7730,0,2,0,8
1126,0,2,4,2
5608,0,1,3,0
4207,0,2,0,2
6405,0,2,0,0
4516,1,1,1,2
7415,0,3,1,2
7566,0,0,3,2
1718,3,1,0,0
7838,0,5,4,6
7087,0,1,1,4
6573,1,3,0,0
6410,0,1,0,0
2730,0,3,1,4
2115,1,0,2,2
3501,0,2,2,1
7117,0,3,2,11
2547,0,1,0,4
832,0,3,0,4
6106,3,6,2,7
7811,0,4,0,1
3283,0,2,0,4
7191,0,1,2,0
1079,0,1,0,0
2388,1,2,1,2
2231,1,1,0,5
2898,0,1,0,11
1148,0,2,2,0
3244,0,0,0,9
7328,1,6,1,1
5515,0,1,0,3
2868,0,4,0,2
5785,0,1,0,3
3794,0,2,11,3
3156,0,1,0,1
2167,0,1,0,1
1111,0,1,0,0
454,0,1,0,0
4187,1,1,0,0
629,4,1,1,4
5260,0,2,1,0
3043,0,1,0,3
4256,0,1,1,1
1680,0,3,0,1
617,0,4,1,1
1962,0,1,0,1
380,3,2,1,2
6599,0,1,0,1
1782,3,2,3,7
1244,0,1,0,1
5716,0,0,0,0
5740,0,3,3,8
7024,0,0,0,1
6568,1,0,0,1
5057,0,0,1,3
5809,1,2,0,0
6593,0,1,0,2
827,0,2,0,0
3593,0,1,2,4
73,0,1,0,2
6951,1,2,2,2
391,0,2,4,0
6687,0,1,1,2
2956,1,4,3,7
5282,1,2,5,2
6504,0,2,1,2
474,0,1,2,1
663,0,1,0,3
6547,0,2,2,2
6472,0,0,2,0
6202,0,1,1,0
7578,0,0,3,2
5561,0,2,6,0
6210,1,3,3,3
7868,0,1,3,1
3226,1,0,3,0
4361,0,3,3,7
5679,0,2,0,1
2654,0,0,0,1
1980,0,1,3,3
2941,0,0,1,3
2757,0,3,1,3
3261,0,1,0,0
7067,1,2,2,0
1210,2,1,2,4
3633,0,3,2,1
3338,0,1,5,7
4663,0,3,0,0
585,3,2,0,4
5637,0,1,2,1
1456,4,1,0,2
2478,4,1,1,1
6630,2,2,0,2
2509,4,1,0,3
4781,1,1,0,1
742,0,3,0,6
5684,0,1,0,5
1239,0,1,0,2
4250,0,0,0,0
5205,0,3,1,1
5634,1,2,4,0
6727,0,1,0,2
7633,0,1,0,2
4492,1,1,0,1
6705,0,3,0,0
3975,1,0,3,2
6565,1,3,2,1
2181,3,1,3,1
2568,2,0,1,10
227,5,3,6,2
5892,0,3,1,3
278,0,5,2,5
3100,0,1,1,2
3836,0,2,1,0
5327,1,2,1,1
260,0,3,0,0
5029,0,2,0,2
6372,0,0,2,2
444,0,0,1,1
257,2,4,0,2
770,0,5,3,1
1603,3,2,2,3
5544,0,0,0,2
7624,0,3,0,2
5854,1,1,1,1
5581,0,2,0,1
6082,0,3,2,0
6558,0,2,0,2
3240,0,1,0,1
6726,0,1,0,3
3820,0,2,6,1
35,0,2,0,0
5862,1,5,0,6
768,0,4,3,1
6640,0,4,2,10
3466,0,5,1,2
3756,2,2,0,1
2317,0,1,0,1
3870,0,7,0,2
1287,4,1,0,1
3089,0,1,3,11
2769,0,0,0,0
5790,0,0,1,2
7183,0,2,1,4
2173,0,1,2,0
6050,0,0,0,0
5705,1,1,2,0
2462,1,1,1,0
6088,0,2,0,2
7032,0,1,0,3
220,0,3,0,0
5587,0,0,0,2
6625,0,1,1,0
6208,3,3,1,1
6354,0,3,0,1
2087,0,1,4,0
7348,1,1,1,1
4926,0,0,0,1
477,0,4,5,0
1870,0,1,0,0
4157,0,1,0,1
7237,0,6,1,5
6520,0,2,0,2
6073,0,2,0,2
7477,0,1,1,1
6172,0,1,0,0
125,0,2,0,1
7256,0,9,4,4
6111,2,1,0,8
2264,0,2,1,1
3116,0,5,5,9
3454,0,1,0,3
690,0,2,1,1
521,0,1,0,0
1771,3,2,2,2
2835,0,0,0,2
1487,2,1,0,0
3363,0,0,3,9
2170,0,1,0,0
2672,0,5,3,6
2848,0,1,0,1
3650,2,3,2,3
3041,0,2,1,2
2313,0,1,0,1
3609,0,4,0,1
982,1,6,0,2
5591,1,1,0,1
4614,0,2,0,0
2691,1,2,2,0
6031,0,1,1,5
2505,0,3,1,2
785,0,3,0,1
6190,0,2,2,2
619,0,4,3,6
501,0,3,1,4
338,1,3,1,11
709,1,2,3,2
5275,0,0,0,0
365,4,4,1,4
1108,0,1,0,0
6512,0,2,0,0
2633,1,1,1,1
3477,0,2,0,3
5155,1,3,0,0
1033,0,3,4,5
4933,0,2,0,0
3733,2,1,0,0
696,1,5,0,3
5638,0,2,0,0
6104,0,1,0,2
4552,0,2,0,0
7188,0,1,0,1
2650,4,3,2,3
3985,1,0,2,1
7867,0,2,1,6
1792,0,3,0,3
4586,0,0,0,3
7588,0,0,1,1
6832,0,1,0,4
1879,4,2,5,2
672,0,1,0,1
6963,0,2,1,6
6997,0,3,1,0
5789,0,1,2,3
3059,0,3,3,1
6698,0,1,3,1
6434,1,3,4,0
3348,0,1,6,2
2755,0,3,1,3
3325,0,3,0,2
225,0,3,1,6
5622,0,0,0,4
7228,0,0,1,2
328,4,2,5,1
5447,0,4,2,13
3478,0,5,0,1
1232,0,4,0,1
2704,0,2,0,4
7822,0,4,0,3
2113,1,1,1,1
1155,0,2,0,1
6507,0,2,0,1
472,2,3,3,3
8,0,0,0,2
4125,1,3,1,0
7382,1,3,9,5
5580,0,3,0,1
4093,1,0,1,5
4426,0,1,0,2
6161,0,3,0,2
1625,3,4,1,7
7404,0,1,0,1
3834,0,4,3,4
1786,0,2,0,3
6252,0,3,1,4
400,4,2,4,1
2797,0,1,0,2
5359,0,0,2,1
2262,0,2,1,4
